Workbook
Name EmpNames: OFFSET(الموظفات!$B$5,0,0,MAX(1,COUNTA(الموظفات!$B$5:$B$304)),1)
Name FieldList: OFFSET(الإعدادات!$A$7,0,0,COUNTA(الإعدادات!$A$7:$A$35),1)
Name LevelList: الإعدادات!$K$7:$K$8
Name CatList: الإعدادات!$L$7:$L$8
Name StatusList: الإعدادات!$M$7:$M$8
Name ReportTypes: الإعدادات!$N$7:$N$9
Name YearList: OFFSET(الإعدادات!$O$7,0,0,COUNTA(الإعدادات!$O$7:$O$30),1)
Name SemList: الإعدادات!$P$7:$P$8
Name RewardList: OFFSET(الإعدادات!$Q$7,0,0,COUNTA(الإعدادات!$Q$7:$Q$60),1)
Name NomList: OFFSET(الإعدادات!$R$7,0,0,COUNTA(الإعدادات!$R$7:$R$60),1)
Name MonthNames: الإعدادات!$H$7:$H$18
Name CritKey: المعايير!$A$5:$A$332

Sheet دليل الاستخدام
A1: نظام تسجيل التحفيز — رائدات المستقبل 2026-2027
A2: مدرسة هند بنت عتبة الإعدادية للبنات · مديرة المدرسة: حصة الشمري · النائبة الأكاديمية: إيناس العوضي · النائبة الإدارية: مريم المري
A4: # | B4: الصفحة | C4: طريقة الاستخدام
A5: 1 | B5: الموظفات | C5: قائمة الموظفات (149) منقولة من كشف المدرسة. أضيفي الرقم الوظيفي في العمود A — يظهر في السجل والتقارير تلقائيًا ولا يظهر في واجهة التطبيق.
A6: 2 | B6: سجل التحفيز | C6: الأعمدة A إلى J للإدخال (أو اللصق من التطبيق)، والأعمدة الرمادية من K تُحسب تلقائيًا: الرقم الوظيفي، المسمى، القسم، المكافأة وفق السياسة، الشهر، الفصل، السنة.
A7: 3 | B7: اللصق من التطبيق | C7: من التطبيق: «تصدير إلى إكسل» ← افتحي الملف ← انسخي الصفوف من الصف 2 ← الصقي في الخلية A5 من «سجل التحفيز» (لصق القيم). التصدير يشمل كل السجلات، فالصقي فوق القديم في كل مرة.
A8: 4 | B8: التقارير الجاهزة | C8: صفحة لكل شهر من سبتمبر إلى مايو، وصفحة للفصل الأول (سبتمبر–ديسمبر) وللفصل الثاني (يناير–مايو) مع توزيع شهري. كلها للسنة الدراسية الحالية في «الإعدادات».
A9: 5 | B9: التقارير (مخصص) | C9: اختاري السنة ونوع التقرير (شهري / فصلي / سنوي) والشهر أو الفصل لأي فترة أخرى.
A10: 6 | B10: لوحة السنة | C10: مصفوفة المجالات × الأشهر للسنة المختارة في صفحة «التقارير» مع رسم بياني شهري.
A11: ★ | B11: أمري تدللي | C11: من تجمع 5 معايير ذهبية في السنة الدراسية تُعلَّم «مستحقة ★» في صفحة الموظفات، ما لم تكن حالتها «محرومة» (مخالفة التعاميم).
B14: دليل الألوان
C15: خلية إدخال — تكتبين أو تختارين منها
C16: خلية تلقائية — لا تُعدَّل (معادلة)
C17: موظفة مستحقة لكوبون أمري تدللي

Sheet سجل التحفيز
A1: سجل التحفيز — قاعدة البيانات
A2: الأعمدة الصفراء A–J للإدخال أو للصق من التطبيق (لصق القيم بدءًا من A5). الأعمدة الرمادية تلقائية من صفحة الموظفات والإعدادات.
A4: التاريخ | B4: اسم الموظفة | C4: المجال | D4: مستوى المعيار | E4: المعيار المحقق | F4: المكافأة الممنوحة | G4: القيمة المادية (ر.ق) | H4: المُرشِّحة / الجهة | I4: أدلة التوثيق | J4: ملاحظات | K4: الرقم الوظيفي | L4: المسمى الوظيفي | M4: القسم | N4: الفئة | O4: المكافأة وفق السياسة | P4: الشهر | Q4: الفصل الدراسي | R4: السنة الدراسية | S4: ضمن التقرير | T4: تسلسل التقرير | U4: تسلسل: تقرير الفصل الأول | V4: تسلسل: تقرير الفصل الثاني | W4: تسلسل: تقرير سبتمبر | X4: تسلسل: تقرير أكتوبر | Y4: تسلسل: تقرير نوفمبر | Z4: تسلسل: تقرير ديسمبر | AA4: تسلسل: تقرير يناير | AB4: تسلسل: تقرير فبراير | AC4: تسلسل: تقرير مارس | AD4: تسلسل: تقرير أبريل | AE4: تسلسل: تقرير مايو
K5: =IF($B5="","",IFERROR(INDEX(الموظفات!$A$5:$A$304,MATCH($B5,الموظفات!$B$5:$B$304,0))&"","")) | L5: =IF($B5="","",IFERROR(INDEX(الموظفات!$C$5:$C$304,MATCH($B5,الموظفات!$B$5:$B$304,0))&"","")) | M5: =IF($B5="","",IFERROR(INDEX(الموظفات!$D$5:$D$304,MATCH($B5,الموظفات!$B$5:$B$304,0))&"","")) | N5: =IF($B5="","",IFERROR(INDEX(الموظفات!$E$5:$E$304,MATCH($B5,الموظفات!$B$5:$B$304,0))&"","")) | O5: =IF(C5="","",IFERROR(INDEX(الإعدادات!$D$7:$D$35,MATCH(C5,الإعدادات!$A$7:$A$35,0))&"","")) | P5: =IF(A5="","",INDEX(الإعدادات!$H$7:$H$18,MONTH(A5))) | Q5: =IF(A5="","",INDEX(الإعدادات!$I$7:$I$18,MONTH(A5))) | R5: =IF(A5="","",IF(MONTH(A5)>=8,YEAR(A5)&"-"&(YEAR(A5)+1),(YEAR(A5)-1)&"-"&YEAR(A5))) | S5: =IF(OR(A5="",B5=""),0,IF(AND(R5=التقارير!$C$4,OR(التقارير!$C$5="سنوي",AND(التقارير!$C$5="شهري",P5=التقارير!$C$6),AND(التقارير!$C$5="فصلي",Q5=التقارير!$C$7))),1,0)) | T5: =IF(S5=1,COUNTIF($S$5:S5,1),"") | U5: =IF(AND($A5<>"",$B5<>"",$R5='تقرير الفصل الأول'!$C$4,$Q5='تقرير الفصل الأول'!$C$7),COUNT(U$4:U4)+1,"") | V5: =IF(AND($A5<>"",$B5<>"",$R5='تقرير الفصل الثاني'!$C$4,$Q5='تقرير الفصل الثاني'!$C$7),COUNT(V$4:V4)+1,"") | W5: =IF(AND($A5<>"",$B5<>"",$R5='تقرير سبتمبر'!$C$4,$P5='تقرير سبتمبر'!$C$6),COUNT(W$4:W4)+1,"") | X5: =IF(AND($A5<>"",$B5<>"",$R5='تقرير أكتوبر'!$C$4,$P5='تقرير أكتوبر'!$C$6),COUNT(X$4:X4)+1,"") | Y5: =IF(AND($A5<>"",$B5<>"",$R5='تقرير نوفمبر'!$C$4,$P5='تقرير نوفمبر'!$C$6),COUNT(Y$4:Y4)+1,"") | Z5: =IF(AND($A5<>"",$B5<>"",$R5='تقرير ديسمبر'!$C$4,$P5='تقرير ديسمبر'!$C$6),COUNT(Z$4:Z4)+1,"") | AA5: =IF(AND($A5<>"",$B5<>"",$R5='تقرير يناير'!$C$4,$P5='تقرير يناير'!$C$6),COUNT(AA$4:AA4)+1,"") | AB5: =IF(AND($A5<>"",$B5<>"",$R5='تقرير فبراير'!$C$4,$P5='تقرير فبراير'!$C$6),COUNT(AB$4:AB4)+1,"") | AC5: =IF(AND($A5<>"",$B5<>"",$R5='تقرير مارس'!$C$4,$P5='تقرير مارس'!$C$6),COUNT(AC$4:AC4)+1,"") | AD5: =IF(AND($A5<>"",$B5<>"",$R5='تقرير أبريل'!$C$4,$P5='تقرير أبريل'!$C$6),COUNT(AD$4:AD4)+1,"") | AE5: =IF(AND($A5<>"",$B5<>"",$R5='تقرير مايو'!$C$4,$P5='تقرير مايو'!$C$6),COUNT(AE$4:AE4)+1,"")
K6: =IF($B6="","",IFERROR(INDEX(الموظفات!$A$5:$A$304,MATCH($B6,الموظفات!$B$5:$B$304,0))&"","")) | L6: =IF($B6="","",IFERROR(INDEX(الموظفات!$C$5:$C$304,MATCH($B6,الموظفات!$B$5:$B$304,0))&"","")) | M6: =IF($B6="","",IFERROR(INDEX(الموظفات!$D$5:$D$304,MATCH($B6,الموظفات!$B$5:$B$304,0))&"","")) | N6: =IF($B6="","",IFERROR(INDEX(الموظفات!$E$5:$E$304,MATCH($B6,الموظفات!$B$5:$B$304,0))&"","")) | O6: =IF(C6="","",IFERROR(INDEX(الإعدادات!$D$7:$D$35,MATCH(C6,الإعدادات!$A$7:$A$35,0))&"","")) | P6: =IF(A6="","",INDEX(الإعدادات!$H$7:$H$18,MONTH(A6))) | Q6: =IF(A6="","",INDEX(الإعدادات!$I$7:$I$18,MONTH(A6))) | R6: =IF(A6="","",IF(MONTH(A6)>=8,YEAR(A6)&"-"&(YEAR(A6)+1),(YEAR(A6)-1)&"-"&YEAR(A6))) | S6: =IF(OR(A6="",B6=""),0,IF(AND(R6=التقارير!$C$4,OR(التقارير!$C$5="سنوي",AND(التقارير!$C$5="شهري",P6=التقارير!$C$6),AND(التقارير!$C$5="فصلي",Q6=التقارير!$C$7))),1,0)) | T6: =IF(S6=1,COUNTIF($S$5:S6,1),"") | U6: =IF(AND($A6<>"",$B6<>"",$R6='تقرير الفصل الأول'!$C$4,$Q6='تقرير الفصل الأول'!$C$7),COUNT(U$4:U5)+1,"") | V6: =IF(AND($A6<>"",$B6<>"",$R6='تقرير الفصل الثاني'!$C$4,$Q6='تقرير الفصل الثاني'!$C$7),COUNT(V$4:V5)+1,"") | W6: =IF(AND($A6<>"",$B6<>"",$R6='تقرير سبتمبر'!$C$4,$P6='تقرير سبتمبر'!$C$6),COUNT(W$4:W5)+1,"") | X6: =IF(AND($A6<>"",$B6<>"",$R6='تقرير أكتوبر'!$C$4,$P6='تقرير أكتوبر'!$C$6),COUNT(X$4:X5)+1,"") | Y6: =IF(AND($A6<>"",$B6<>"",$R6='تقرير نوفمبر'!$C$4,$P6='تقرير نوفمبر'!$C$6),COUNT(Y$4:Y5)+1,"") | Z6: =IF(AND($A6<>"",$B6<>"",$R6='تقرير ديسمبر'!$C$4,$P6='تقرير ديسمبر'!$C$6),COUNT(Z$4:Z5)+1,"") | AA6: =IF(AND($A6<>"",$B6<>"",$R6='تقرير يناير'!$C$4,$P6='تقرير يناير'!$C$6),COUNT(AA$4:AA5)+1,"") | AB6: =IF(AND($A6<>"",$B6<>"",$R6='تقرير فبراير'!$C$4,$P6='تقرير فبراير'!$C$6),COUNT(AB$4:AB5)+1,"") | AC6: =IF(AND($A6<>"",$B6<>"",$R6='تقرير مارس'!$C$4,$P6='تقرير مارس'!$C$6),COUNT(AC$4:AC5)+1,"") | AD6: =IF(AND($A6<>"",$B6<>"",$R6='تقرير أبريل'!$C$4,$P6='تقرير أبريل'!$C$6),COUNT(AD$4:AD5)+1,"") | AE6: =IF(AND($A6<>"",$B6<>"",$R6='تقرير مايو'!$C$4,$P6='تقرير مايو'!$C$6),COUNT(AE$4:AE5)+1,"")
K7: =IF($B7="","",IFERROR(INDEX(الموظفات!$A$5:$A$304,MATCH($B7,الموظفات!$B$5:$B$304,0))&"","")) | L7: =IF($B7="","",IFERROR(INDEX(الموظفات!$C$5:$C$304,MATCH($B7,الموظفات!$B$5:$B$304,0))&"","")) | M7: =IF($B7="","",IFERROR(INDEX(الموظفات!$D$5:$D$304,MATCH($B7,الموظفات!$B$5:$B$304,0))&"","")) | N7: =IF($B7="","",IFERROR(INDEX(الموظفات!$E$5:$E$304,MATCH($B7,الموظفات!$B$5:$B$304,0))&"","")) | O7: =IF(C7="","",IFERROR(INDEX(الإعدادات!$D$7:$D$35,MATCH(C7,الإعدادات!$A$7:$A$35,0))&"","")) | P7: =IF(A7="","",INDEX(الإعدادات!$H$7:$H$18,MONTH(A7))) | Q7: =IF(A7="","",INDEX(الإعدادات!$I$7:$I$18,MONTH(A7))) | R7: =IF(A7="","",IF(MONTH(A7)>=8,YEAR(A7)&"-"&(YEAR(A7)+1),(YEAR(A7)-1)&"-"&YEAR(A7))) | S7: =IF(OR(A7="",B7=""),0,IF(AND(R7=التقارير!$C$4,OR(التقارير!$C$5="سنوي",AND(التقارير!$C$5="شهري",P7=التقارير!$C$6),AND(التقارير!$C$5="فصلي",Q7=التقارير!$C$7))),1,0)) | T7: =IF(S7=1,COUNTIF($S$5:S7,1),"") | U7: =IF(AND($A7<>"",$B7<>"",$R7='تقرير الفصل الأول'!$C$4,$Q7='تقرير الفصل الأول'!$C$7),COUNT(U$4:U6)+1,"") | V7: =IF(AND($A7<>"",$B7<>"",$R7='تقرير الفصل الثاني'!$C$4,$Q7='تقرير الفصل الثاني'!$C$7),COUNT(V$4:V6)+1,"") | W7: =IF(AND($A7<>"",$B7<>"",$R7='تقرير سبتمبر'!$C$4,$P7='تقرير سبتمبر'!$C$6),COUNT(W$4:W6)+1,"") | X7: =IF(AND($A7<>"",$B7<>"",$R7='تقرير أكتوبر'!$C$4,$P7='تقرير أكتوبر'!$C$6),COUNT(X$4:X6)+1,"") | Y7: =IF(AND($A7<>"",$B7<>"",$R7='تقرير نوفمبر'!$C$4,$P7='تقرير نوفمبر'!$C$6),COUNT(Y$4:Y6)+1,"") | Z7: =IF(AND($A7<>"",$B7<>"",$R7='تقرير ديسمبر'!$C$4,$P7='تقرير ديسمبر'!$C$6),COUNT(Z$4:Z6)+1,"") | AA7: =IF(AND($A7<>"",$B7<>"",$R7='تقرير يناير'!$C$4,$P7='تقرير يناير'!$C$6),COUNT(AA$4:AA6)+1,"") | AB7: =IF(AND($A7<>"",$B7<>"",$R7='تقرير فبراير'!$C$4,$P7='تقرير فبراير'!$C$6),COUNT(AB$4:AB6)+1,"") | AC7: =IF(AND($A7<>"",$B7<>"",$R7='تقرير مارس'!$C$4,$P7='تقرير مارس'!$C$6),COUNT(AC$4:AC6)+1,"") | AD7: =IF(AND($A7<>"",$B7<>"",$R7='تقرير أبريل'!$C$4,$P7='تقرير أبريل'!$C$6),COUNT(AD$4:AD6)+1,"") | AE7: =IF(AND($A7<>"",$B7<>"",$R7='تقرير مايو'!$C$4,$P7='تقرير مايو'!$C$6),COUNT(AE$4:AE6)+1,"")
K8: =IF($B8="","",IFERROR(INDEX(الموظفات!$A$5:$A$304,MATCH($B8,الموظفات!$B$5:$B$304,0))&"","")) | L8: =IF($B8="","",IFERROR(INDEX(الموظفات!$C$5:$C$304,MATCH($B8,الموظفات!$B$5:$B$304,0))&"","")) | M8: =IF($B8="","",IFERROR(INDEX(الموظفات!$D$5:$D$304,MATCH($B8,الموظفات!$B$5:$B$304,0))&"","")) | N8: =IF($B8="","",IFERROR(INDEX(الموظفات!$E$5:$E$304,MATCH($B8,الموظفات!$B$5:$B$304,0))&"","")) | O8: =IF(C8="","",IFERROR(INDEX(الإعدادات!$D$7:$D$35,MATCH(C8,الإعدادات!$A$7:$A$35,0))&"","")) | P8: =IF(A8="","",INDEX(الإعدادات!$H$7:$H$18,MONTH(A8))) | Q8: =IF(A8="","",INDEX(الإعدادات!$I$7:$I$18,MONTH(A8))) | R8: =IF(A8="","",IF(MONTH(A8)>=8,YEAR(A8)&"-"&(YEAR(A8)+1),(YEAR(A8)-1)&"-"&YEAR(A8))) | S8: =IF(OR(A8="",B8=""),0,IF(AND(R8=التقارير!$C$4,OR(التقارير!$C$5="سنوي",AND(التقارير!$C$5="شهري",P8=التقارير!$C$6),AND(التقارير!$C$5="فصلي",Q8=التقارير!$C$7))),1,0)) | T8: =IF(S8=1,COUNTIF($S$5:S8,1),"") | U8: =IF(AND($A8<>"",$B8<>"",$R8='تقرير الفصل الأول'!$C$4,$Q8='تقرير الفصل الأول'!$C$7),COUNT(U$4:U7)+1,"") | V8: =IF(AND($A8<>"",$B8<>"",$R8='تقرير الفصل الثاني'!$C$4,$Q8='تقرير الفصل الثاني'!$C$7),COUNT(V$4:V7)+1,"") | W8: =IF(AND($A8<>"",$B8<>"",$R8='تقرير سبتمبر'!$C$4,$P8='تقرير سبتمبر'!$C$6),COUNT(W$4:W7)+1,"") | X8: =IF(AND($A8<>"",$B8<>"",$R8='تقرير أكتوبر'!$C$4,$P8='تقرير أكتوبر'!$C$6),COUNT(X$4:X7)+1,"") | Y8: =IF(AND($A8<>"",$B8<>"",$R8='تقرير نوفمبر'!$C$4,$P8='تقرير نوفمبر'!$C$6),COUNT(Y$4:Y7)+1,"") | Z8: =IF(AND($A8<>"",$B8<>"",$R8='تقرير ديسمبر'!$C$4,$P8='تقرير ديسمبر'!$C$6),COUNT(Z$4:Z7)+1,"") | AA8: =IF(AND($A8<>"",$B8<>"",$R8='تقرير يناير'!$C$4,$P8='تقرير يناير'!$C$6),COUNT(AA$4:AA7)+1,"") | AB8: =IF(AND($A8<>"",$B8<>"",$R8='تقرير فبراير'!$C$4,$P8='تقرير فبراير'!$C$6),COUNT(AB$4:AB7)+1,"") | AC8: =IF(AND($A8<>"",$B8<>"",$R8='تقرير مارس'!$C$4,$P8='تقرير مارس'!$C$6),COUNT(AC$4:AC7)+1,"") | AD8: =IF(AND($A8<>"",$B8<>"",$R8='تقرير أبريل'!$C$4,$P8='تقرير أبريل'!$C$6),COUNT(AD$4:AD7)+1,"") | AE8: =IF(AND($A8<>"",$B8<>"",$R8='تقرير مايو'!$C$4,$P8='تقرير مايو'!$C$6),COUNT(AE$4:AE7)+1,"")
K9: =IF($B9="","",IFERROR(INDEX(الموظفات!$A$5:$A$304,MATCH($B9,الموظفات!$B$5:$B$304,0))&"","")) | L9: =IF($B9="","",IFERROR(INDEX(الموظفات!$C$5:$C$304,MATCH($B9,الموظفات!$B$5:$B$304,0))&"","")) | M9: =IF($B9="","",IFERROR(INDEX(الموظفات!$D$5:$D$304,MATCH($B9,الموظفات!$B$5:$B$304,0))&"","")) | N9: =IF($B9="","",IFERROR(INDEX(الموظفات!$E$5:$E$304,MATCH($B9,الموظفات!$B$5:$B$304,0))&"","")) | O9: =IF(C9="","",IFERROR(INDEX(الإعدادات!$D$7:$D$35,MATCH(C9,الإعدادات!$A$7:$A$35,0))&"","")) | P9: =IF(A9="","",INDEX(الإعدادات!$H$7:$H$18,MONTH(A9))) | Q9: =IF(A9="","",INDEX(الإعدادات!$I$7:$I$18,MONTH(A9))) | R9: =IF(A9="","",IF(MONTH(A9)>=8,YEAR(A9)&"-"&(YEAR(A9)+1),(YEAR(A9)-1)&"-"&YEAR(A9))) | S9: =IF(OR(A9="",B9=""),0,IF(AND(R9=التقارير!$C$4,OR(التقارير!$C$5="سنوي",AND(التقارير!$C$5="شهري",P9=التقارير!$C$6),AND(التقارير!$C$5="فصلي",Q9=التقارير!$C$7))),1,0)) | T9: =IF(S9=1,COUNTIF($S$5:S9,1),"") | U9: =IF(AND($A9<>"",$B9<>"",$R9='تقرير الفصل الأول'!$C$4,$Q9='تقرير الفصل الأول'!$C$7),COUNT(U$4:U8)+1,"") | V9: =IF(AND($A9<>"",$B9<>"",$R9='تقرير الفصل الثاني'!$C$4,$Q9='تقرير الفصل الثاني'!$C$7),COUNT(V$4:V8)+1,"") | W9: =IF(AND($A9<>"",$B9<>"",$R9='تقرير سبتمبر'!$C$4,$P9='تقرير سبتمبر'!$C$6),COUNT(W$4:W8)+1,"") | X9: =IF(AND($A9<>"",$B9<>"",$R9='تقرير أكتوبر'!$C$4,$P9='تقرير أكتوبر'!$C$6),COUNT(X$4:X8)+1,"") | Y9: =IF(AND($A9<>"",$B9<>"",$R9='تقرير نوفمبر'!$C$4,$P9='تقرير نوفمبر'!$C$6),COUNT(Y$4:Y8)+1,"") | Z9: =IF(AND($A9<>"",$B9<>"",$R9='تقرير ديسمبر'!$C$4,$P9='تقرير ديسمبر'!$C$6),COUNT(Z$4:Z8)+1,"") | AA9: =IF(AND($A9<>"",$B9<>"",$R9='تقرير يناير'!$C$4,$P9='تقرير يناير'!$C$6),COUNT(AA$4:AA8)+1,"") | AB9: =IF(AND($A9<>"",$B9<>"",$R9='تقرير فبراير'!$C$4,$P9='تقرير فبراير'!$C$6),COUNT(AB$4:AB8)+1,"") | AC9: =IF(AND($A9<>"",$B9<>"",$R9='تقرير مارس'!$C$4,$P9='تقرير مارس'!$C$6),COUNT(AC$4:AC8)+1,"") | AD9: =IF(AND($A9<>"",$B9<>"",$R9='تقرير أبريل'!$C$4,$P9='تقرير أبريل'!$C$6),COUNT(AD$4:AD8)+1,"") | AE9: =IF(AND($A9<>"",$B9<>"",$R9='تقرير مايو'!$C$4,$P9='تقرير مايو'!$C$6),COUNT(AE$4:AE8)+1,"")
K10: =IF($B10="","",IFERROR(INDEX(الموظفات!$A$5:$A$304,MATCH($B10,الموظفات!$B$5:$B$304,0))&"","")) | L10: =IF($B10="","",IFERROR(INDEX(الموظفات!$C$5:$C$304,MATCH($B10,الموظفات!$B$5:$B$304,0))&"","")) | M10: =IF($B10="","",IFERROR(INDEX(الموظفات!$D$5:$D$304,MATCH($B10,الموظفات!$B$5:$B$304,0))&"","")) | N10: =IF($B10="","",IFERROR(INDEX(الموظفات!$E$5:$E$304,MATCH($B10,الموظفات!$B$5:$B$304,0))&"","")) | O10: =IF(C10="","",IFERROR(INDEX(الإعدادات!$D$7:$D$35,MATCH(C10,الإعدادات!$A$7:$A$35,0))&"","")) | P10: =IF(A10="","",INDEX(الإعدادات!$H$7:$H$18,MONTH(A10))) | Q10: =IF(A10="","",INDEX(الإعدادات!$I$7:$I$18,MONTH(A10))) | R10: =IF(A10="","",IF(MONTH(A10)>=8,YEAR(A10)&"-"&(YEAR(A10)+1),(YEAR(A10)-1)&"-"&YEAR(A10))) | S10: =IF(OR(A10="",B10=""),0,IF(AND(R10=التقارير!$C$4,OR(التقارير!$C$5="سنوي",AND(التقارير!$C$5="شهري",P10=التقارير!$C$6),AND(التقارير!$C$5="فصلي",Q10=التقارير!$C$7))),1,0)) | T10: =IF(S10=1,COUNTIF($S$5:S10,1),"") | U10: =IF(AND($A10<>"",$B10<>"",$R10='تقرير الفصل الأول'!$C$4,$Q10='تقرير الفصل الأول'!$C$7),COUNT(U$4:U9)+1,"") | V10: =IF(AND($A10<>"",$B10<>"",$R10='تقرير الفصل الثاني'!$C$4,$Q10='تقرير الفصل الثاني'!$C$7),COUNT(V$4:V9)+1,"") | W10: =IF(AND($A10<>"",$B10<>"",$R10='تقرير سبتمبر'!$C$4,$P10='تقرير سبتمبر'!$C$6),COUNT(W$4:W9)+1,"") | X10: =IF(AND($A10<>"",$B10<>"",$R10='تقرير أكتوبر'!$C$4,$P10='تقرير أكتوبر'!$C$6),COUNT(X$4:X9)+1,"") | Y10: =IF(AND($A10<>"",$B10<>"",$R10='تقرير نوفمبر'!$C$4,$P10='تقرير نوفمبر'!$C$6),COUNT(Y$4:Y9)+1,"") | Z10: =IF(AND($A10<>"",$B10<>"",$R10='تقرير ديسمبر'!$C$4,$P10='تقرير ديسمبر'!$C$6),COUNT(Z$4:Z9)+1,"") | AA10: =IF(AND($A10<>"",$B10<>"",$R10='تقرير يناير'!$C$4,$P10='تقرير يناير'!$C$6),COUNT(AA$4:AA9)+1,"") | AB10: =IF(AND($A10<>"",$B10<>"",$R10='تقرير فبراير'!$C$4,$P10='تقرير فبراير'!$C$6),COUNT(AB$4:AB9)+1,"") | AC10: =IF(AND($A10<>"",$B10<>"",$R10='تقرير مارس'!$C$4,$P10='تقرير مارس'!$C$6),COUNT(AC$4:AC9)+1,"") | AD10: =IF(AND($A10<>"",$B10<>"",$R10='تقرير أبريل'!$C$4,$P10='تقرير أبريل'!$C$6),COUNT(AD$4:AD9)+1,"") | AE10: =IF(AND($A10<>"",$B10<>"",$R10='تقرير مايو'!$C$4,$P10='تقرير مايو'!$C$6),COUNT(AE$4:AE9)+1,"")
K11: =IF($B11="","",IFERROR(INDEX(الموظفات!$A$5:$A$304,MATCH($B11,الموظفات!$B$5:$B$304,0))&"","")) | L11: =IF($B11="","",IFERROR(INDEX(الموظفات!$C$5:$C$304,MATCH($B11,الموظفات!$B$5:$B$304,0))&"","")) | M11: =IF($B11="","",IFERROR(INDEX(الموظفات!$D$5:$D$304,MATCH($B11,الموظفات!$B$5:$B$304,0))&"","")) | N11: =IF($B11="","",IFERROR(INDEX(الموظفات!$E$5:$E$304,MATCH($B11,الموظفات!$B$5:$B$304,0))&"","")) | O11: =IF(C11="","",IFERROR(INDEX(الإعدادات!$D$7:$D$35,MATCH(C11,الإعدادات!$A$7:$A$35,0))&"","")) | P11: =IF(A11="","",INDEX(الإعدادات!$H$7:$H$18,MONTH(A11))) | Q11: =IF(A11="","",INDEX(الإعدادات!$I$7:$I$18,MONTH(A11))) | R11: =IF(A11="","",IF(MONTH(A11)>=8,YEAR(A11)&"-"&(YEAR(A11)+1),(YEAR(A11)-1)&"-"&YEAR(A11))) | S11: =IF(OR(A11="",B11=""),0,IF(AND(R11=التقارير!$C$4,OR(التقارير!$C$5="سنوي",AND(التقارير!$C$5="شهري",P11=التقارير!$C$6),AND(التقارير!$C$5="فصلي",Q11=التقارير!$C$7))),1,0)) | T11: =IF(S11=1,COUNTIF($S$5:S11,1),"") | U11: =IF(AND($A11<>"",$B11<>"",$R11='تقرير الفصل الأول'!$C$4,$Q11='تقرير الفصل الأول'!$C$7),COUNT(U$4:U10)+1,"") | V11: =IF(AND($A11<>"",$B11<>"",$R11='تقرير الفصل الثاني'!$C$4,$Q11='تقرير الفصل الثاني'!$C$7),COUNT(V$4:V10)+1,"") | W11: =IF(AND($A11<>"",$B11<>"",$R11='تقرير سبتمبر'!$C$4,$P11='تقرير سبتمبر'!$C$6),COUNT(W$4:W10)+1,"") | X11: =IF(AND($A11<>"",$B11<>"",$R11='تقرير أكتوبر'!$C$4,$P11='تقرير أكتوبر'!$C$6),COUNT(X$4:X10)+1,"") | Y11: =IF(AND($A11<>"",$B11<>"",$R11='تقرير نوفمبر'!$C$4,$P11='تقرير نوفمبر'!$C$6),COUNT(Y$4:Y10)+1,"") | Z11: =IF(AND($A11<>"",$B11<>"",$R11='تقرير ديسمبر'!$C$4,$P11='تقرير ديسمبر'!$C$6),COUNT(Z$4:Z10)+1,"") | AA11: =IF(AND($A11<>"",$B11<>"",$R11='تقرير يناير'!$C$4,$P11='تقرير يناير'!$C$6),COUNT(AA$4:AA10)+1,"") | AB11: =IF(AND($A11<>"",$B11<>"",$R11='تقرير فبراير'!$C$4,$P11='تقرير فبراير'!$C$6),COUNT(AB$4:AB10)+1,"") | AC11: =IF(AND($A11<>"",$B11<>"",$R11='تقرير مارس'!$C$4,$P11='تقرير مارس'!$C$6),COUNT(AC$4:AC10)+1,"") | AD11: =IF(AND($A11<>"",$B11<>"",$R11='تقرير أبريل'!$C$4,$P11='تقرير أبريل'!$C$6),COUNT(AD$4:AD10)+1,"") | AE11: =IF(AND($A11<>"",$B11<>"",$R11='تقرير مايو'!$C$4,$P11='تقرير مايو'!$C$6),COUNT(AE$4:AE10)+1,"")
K12: =IF($B12="","",IFERROR(INDEX(الموظفات!$A$5:$A$304,MATCH($B12,الموظفات!$B$5:$B$304,0))&"","")) | L12: =IF($B12="","",IFERROR(INDEX(الموظفات!$C$5:$C$304,MATCH($B12,الموظفات!$B$5:$B$304,0))&"","")) | M12: =IF($B12="","",IFERROR(INDEX(الموظفات!$D$5:$D$304,MATCH($B12,الموظفات!$B$5:$B$304,0))&"","")) | N12: =IF($B12="","",IFERROR(INDEX(الموظفات!$E$5:$E$304,MATCH($B12,الموظفات!$B$5:$B$304,0))&"","")) | O12: =IF(C12="","",IFERROR(INDEX(الإعدادات!$D$7:$D$35,MATCH(C12,الإعدادات!$A$7:$A$35,0))&"","")) | P12: =IF(A12="","",INDEX(الإعدادات!$H$7:$H$18,MONTH(A12))) | Q12: =IF(A12="","",INDEX(الإعدادات!$I$7:$I$18,MONTH(A12))) | R12: =IF(A12="","",IF(MONTH(A12)>=8,YEAR(A12)&"-"&(YEAR(A12)+1),(YEAR(A12)-1)&"-"&YEAR(A12))) | S12: =IF(OR(A12="",B12=""),0,IF(AND(R12=التقارير!$C$4,OR(التقارير!$C$5="سنوي",AND(التقارير!$C$5="شهري",P12=التقارير!$C$6),AND(التقارير!$C$5="فصلي",Q12=التقارير!$C$7))),1,0)) | T12: =IF(S12=1,COUNTIF($S$5:S12,1),"") | U12: =IF(AND($A12<>"",$B12<>"",$R12='تقرير الفصل الأول'!$C$4,$Q12='تقرير الفصل الأول'!$C$7),COUNT(U$4:U11)+1,"") | V12: =IF(AND($A12<>"",$B12<>"",$R12='تقرير الفصل الثاني'!$C$4,$Q12='تقرير الفصل الثاني'!$C$7),COUNT(V$4:V11)+1,"") | W12: =IF(AND($A12<>"",$B12<>"",$R12='تقرير سبتمبر'!$C$4,$P12='تقرير سبتمبر'!$C$6),COUNT(W$4:W11)+1,"") | X12: =IF(AND($A12<>"",$B12<>"",$R12='تقرير أكتوبر'!$C$4,$P12='تقرير أكتوبر'!$C$6),COUNT(X$4:X11)+1,"") | Y12: =IF(AND($A12<>"",$B12<>"",$R12='تقرير نوفمبر'!$C$4,$P12='تقرير نوفمبر'!$C$6),COUNT(Y$4:Y11)+1,"") | Z12: =IF(AND($A12<>"",$B12<>"",$R12='تقرير ديسمبر'!$C$4,$P12='تقرير ديسمبر'!$C$6),COUNT(Z$4:Z11)+1,"") | AA12: =IF(AND($A12<>"",$B12<>"",$R12='تقرير يناير'!$C$4,$P12='تقرير يناير'!$C$6),COUNT(AA$4:AA11)+1,"") | AB12: =IF(AND($A12<>"",$B12<>"",$R12='تقرير فبراير'!$C$4,$P12='تقرير فبراير'!$C$6),COUNT(AB$4:AB11)+1,"") | AC12: =IF(AND($A12<>"",$B12<>"",$R12='تقرير مارس'!$C$4,$P12='تقرير مارس'!$C$6),COUNT(AC$4:AC11)+1,"") | AD12: =IF(AND($A12<>"",$B12<>"",$R12='تقرير أبريل'!$C$4,$P12='تقرير أبريل'!$C$6),COUNT(AD$4:AD11)+1,"") | AE12: =IF(AND($A12<>"",$B12<>"",$R12='تقرير مايو'!$C$4,$P12='تقرير مايو'!$C$6),COUNT(AE$4:AE11)+1,"")
K13: =IF($B13="","",IFERROR(INDEX(الموظفات!$A$5:$A$304,MATCH($B13,الموظفات!$B$5:$B$304,0))&"","")) | L13: =IF($B13="","",IFERROR(INDEX(الموظفات!$C$5:$C$304,MATCH($B13,الموظفات!$B$5:$B$304,0))&"","")) | M13: =IF($B13="","",IFERROR(INDEX(الموظفات!$D$5:$D$304,MATCH($B13,الموظفات!$B$5:$B$304,0))&"","")) | N13: =IF($B13="","",IFERROR(INDEX(الموظفات!$E$5:$E$304,MATCH($B13,الموظفات!$B$5:$B$304,0))&"","")) | O13: =IF(C13="","",IFERROR(INDEX(الإعدادات!$D$7:$D$35,MATCH(C13,الإعدادات!$A$7:$A$35,0))&"","")) | P13: =IF(A13="","",INDEX(الإعدادات!$H$7:$H$18,MONTH(A13))) | Q13: =IF(A13="","",INDEX(الإعدادات!$I$7:$I$18,MONTH(A13))) | R13: =IF(A13="","",IF(MONTH(A13)>=8,YEAR(A13)&"-"&(YEAR(A13)+1),(YEAR(A13)-1)&"-"&YEAR(A13))) | S13: =IF(OR(A13="",B13=""),0,IF(AND(R13=التقارير!$C$4,OR(التقارير!$C$5="سنوي",AND(التقارير!$C$5="شهري",P13=التقارير!$C$6),AND(التقارير!$C$5="فصلي",Q13=التقارير!$C$7))),1,0)) | T13: =IF(S13=1,COUNTIF($S$5:S13,1),"") | U13: =IF(AND($A13<>"",$B13<>"",$R13='تقرير الفصل الأول'!$C$4,$Q13='تقرير الفصل الأول'!$C$7),COUNT(U$4:U12)+1,"") | V13: =IF(AND($A13<>"",$B13<>"",$R13='تقرير الفصل الثاني'!$C$4,$Q13='تقرير الفصل الثاني'!$C$7),COUNT(V$4:V12)+1,"") | W13: =IF(AND($A13<>"",$B13<>"",$R13='تقرير سبتمبر'!$C$4,$P13='تقرير سبتمبر'!$C$6),COUNT(W$4:W12)+1,"") | X13: =IF(AND($A13<>"",$B13<>"",$R13='تقرير أكتوبر'!$C$4,$P13='تقرير أكتوبر'!$C$6),COUNT(X$4:X12)+1,"") | Y13: =IF(AND($A13<>"",$B13<>"",$R13='تقرير نوفمبر'!$C$4,$P13='تقرير نوفمبر'!$C$6),COUNT(Y$4:Y12)+1,"") | Z13: =IF(AND($A13<>"",$B13<>"",$R13='تقرير ديسمبر'!$C$4,$P13='تقرير ديسمبر'!$C$6),COUNT(Z$4:Z12)+1,"") | AA13: =IF(AND($A13<>"",$B13<>"",$R13='تقرير يناير'!$C$4,$P13='تقرير يناير'!$C$6),COUNT(AA$4:AA12)+1,"") | AB13: =IF(AND($A13<>"",$B13<>"",$R13='تقرير فبراير'!$C$4,$P13='تقرير فبراير'!$C$6),COUNT(AB$4:AB12)+1,"") | AC13: =IF(AND($A13<>"",$B13<>"",$R13='تقرير مارس'!$C$4,$P13='تقرير مارس'!$C$6),COUNT(AC$4:AC12)+1,"") | AD13: =IF(AND($A13<>"",$B13<>"",$R13='تقرير أبريل'!$C$4,$P13='تقرير أبريل'!$C$6),COUNT(AD$4:AD12)+1,"") | AE13: =IF(AND($A13<>"",$B13<>"",$R13='تقرير مايو'!$C$4,$P13='تقرير مايو'!$C$6),COUNT(AE$4:AE12)+1,"")
K14: =IF($B14="","",IFERROR(INDEX(الموظفات!$A$5:$A$304,MATCH($B14,الموظفات!$B$5:$B$304,0))&"","")) | L14: =IF($B14="","",IFERROR(INDEX(الموظفات!$C$5:$C$304,MATCH($B14,الموظفات!$B$5:$B$304,0))&"","")) | M14: =IF($B14="","",IFERROR(INDEX(الموظفات!$D$5:$D$304,MATCH($B14,الموظفات!$B$5:$B$304,0))&"","")) | N14: =IF($B14="","",IFERROR(INDEX(الموظفات!$E$5:$E$304,MATCH($B14,الموظفات!$B$5:$B$304,0))&"","")) | O14: =IF(C14="","",IFERROR(INDEX(الإعدادات!$D$7:$D$35,MATCH(C14,الإعدادات!$A$7:$A$35,0))&"","")) | P14: =IF(A14="","",INDEX(الإعدادات!$H$7:$H$18,MONTH(A14))) | Q14: =IF(A14="","",INDEX(الإعدادات!$I$7:$I$18,MONTH(A14))) | R14: =IF(A14="","",IF(MONTH(A14)>=8,YEAR(A14)&"-"&(YEAR(A14)+1),(YEAR(A14)-1)&"-"&YEAR(A14))) | S14: =IF(OR(A14="",B14=""),0,IF(AND(R14=التقارير!$C$4,OR(التقارير!$C$5="سنوي",AND(التقارير!$C$5="شهري",P14=التقارير!$C$6),AND(التقارير!$C$5="فصلي",Q14=التقارير!$C$7))),1,0)) | T14: =IF(S14=1,COUNTIF($S$5:S14,1),"") | U14: =IF(AND($A14<>"",$B14<>"",$R14='تقرير الفصل الأول'!$C$4,$Q14='تقرير الفصل الأول'!$C$7),COUNT(U$4:U13)+1,"") | V14: =IF(AND($A14<>"",$B14<>"",$R14='تقرير الفصل الثاني'!$C$4,$Q14='تقرير الفصل الثاني'!$C$7),COUNT(V$4:V13)+1,"") | W14: =IF(AND($A14<>"",$B14<>"",$R14='تقرير سبتمبر'!$C$4,$P14='تقرير سبتمبر'!$C$6),COUNT(W$4:W13)+1,"") | X14: =IF(AND($A14<>"",$B14<>"",$R14='تقرير أكتوبر'!$C$4,$P14='تقرير أكتوبر'!$C$6),COUNT(X$4:X13)+1,"") | Y14: =IF(AND($A14<>"",$B14<>"",$R14='تقرير نوفمبر'!$C$4,$P14='تقرير نوفمبر'!$C$6),COUNT(Y$4:Y13)+1,"") | Z14: =IF(AND($A14<>"",$B14<>"",$R14='تقرير ديسمبر'!$C$4,$P14='تقرير ديسمبر'!$C$6),COUNT(Z$4:Z13)+1,"") | AA14: =IF(AND($A14<>"",$B14<>"",$R14='تقرير يناير'!$C$4,$P14='تقرير يناير'!$C$6),COUNT(AA$4:AA13)+1,"") | AB14: =IF(AND($A14<>"",$B14<>"",$R14='تقرير فبراير'!$C$4,$P14='تقرير فبراير'!$C$6),COUNT(AB$4:AB13)+1,"") | AC14: =IF(AND($A14<>"",$B14<>"",$R14='تقرير مارس'!$C$4,$P14='تقرير مارس'!$C$6),COUNT(AC$4:AC13)+1,"") | AD14: =IF(AND($A14<>"",$B14<>"",$R14='تقرير أبريل'!$C$4,$P14='تقرير أبريل'!$C$6),COUNT(AD$4:AD13)+1,"") | AE14: =IF(AND($A14<>"",$B14<>"",$R14='تقرير مايو'!$C$4,$P14='تقرير مايو'!$C$6),COUNT(AE$4:AE13)+1,"")
K15: =IF($B15="","",IFERROR(INDEX(الموظفات!$A$5:$A$304,MATCH($B15,الموظفات!$B$5:$B$304,0))&"","")) | L15: =IF($B15="","",IFERROR(INDEX(الموظفات!$C$5:$C$304,MATCH($B15,الموظفات!$B$5:$B$304,0))&"","")) | M15: =IF($B15="","",IFERROR(INDEX(الموظفات!$D$5:$D$304,MATCH($B15,الموظفات!$B$5:$B$304,0))&"","")) | N15: =IF($B15="","",IFERROR(INDEX(الموظفات!$E$5:$E$304,MATCH($B15,الموظفات!$B$5:$B$304,0))&"","")) | O15: =IF(C15="","",IFERROR(INDEX(الإعدادات!$D$7:$D$35,MATCH(C15,الإعدادات!$A$7:$A$35,0))&"","")) | P15: =IF(A15="","",INDEX(الإعدادات!$H$7:$H$18,MONTH(A15))) | Q15: =IF(A15="","",INDEX(الإعدادات!$I$7:$I$18,MONTH(A15))) | R15: =IF(A15="","",IF(MONTH(A15)>=8,YEAR(A15)&"-"&(YEAR(A15)+1),(YEAR(A15)-1)&"-"&YEAR(A15))) | S15: =IF(OR(A15="",B15=""),0,IF(AND(R15=التقارير!$C$4,OR(التقارير!$C$5="سنوي",AND(التقارير!$C$5="شهري",P15=التقارير!$C$6),AND(التقارير!$C$5="فصلي",Q15=التقارير!$C$7))),1,0)) | T15: =IF(S15=1,COUNTIF($S$5:S15,1),"") | U15: =IF(AND($A15<>"",$B15<>"",$R15='تقرير الفصل الأول'!$C$4,$Q15='تقرير الفصل الأول'!$C$7),COUNT(U$4:U14)+1,"") | V15: =IF(AND($A15<>"",$B15<>"",$R15='تقرير الفصل الثاني'!$C$4,$Q15='تقرير الفصل الثاني'!$C$7),COUNT(V$4:V14)+1,"") | W15: =IF(AND($A15<>"",$B15<>"",$R15='تقرير سبتمبر'!$C$4,$P15='تقرير سبتمبر'!$C$6),COUNT(W$4:W14)+1,"") | X15: =IF(AND($A15<>"",$B15<>"",$R15='تقرير أكتوبر'!$C$4,$P15='تقرير أكتوبر'!$C$6),COUNT(X$4:X14)+1,"") | Y15: =IF(AND($A15<>"",$B15<>"",$R15='تقرير نوفمبر'!$C$4,$P15='تقرير نوفمبر'!$C$6),COUNT(Y$4:Y14)+1,"") | Z15: =IF(AND($A15<>"",$B15<>"",$R15='تقرير ديسمبر'!$C$4,$P15='تقرير ديسمبر'!$C$6),COUNT(Z$4:Z14)+1,"") | AA15: =IF(AND($A15<>"",$B15<>"",$R15='تقرير يناير'!$C$4,$P15='تقرير يناير'!$C$6),COUNT(AA$4:AA14)+1,"") | AB15: =IF(AND($A15<>"",$B15<>"",$R15='تقرير فبراير'!$C$4,$P15='تقرير فبراير'!$C$6),COUNT(AB$4:AB14)+1,"") | AC15: =IF(AND($A15<>"",$B15<>"",$R15='تقرير مارس'!$C$4,$P15='تقرير مارس'!$C$6),COUNT(AC$4:AC14)+1,"") | AD15: =IF(AND($A15<>"",$B15<>"",$R15='تقرير أبريل'!$C$4,$P15='تقرير أبريل'!$C$6),COUNT(AD$4:AD14)+1,"") | AE15: =IF(AND($A15<>"",$B15<>"",$R15='تقرير مايو'!$C$4,$P15='تقرير مايو'!$C$6),COUNT(AE$4:AE14)+1,"")
K16: =IF($B16="","",IFERROR(INDEX(الموظفات!$A$5:$A$304,MATCH($B16,الموظفات!$B$5:$B$304,0))&"","")) | L16: =IF($B16="","",IFERROR(INDEX(الموظفات!$C$5:$C$304,MATCH($B16,الموظفات!$B$5:$B$304,0))&"","")) | M16: =IF($B16="","",IFERROR(INDEX(الموظفات!$D$5:$D$304,MATCH($B16,الموظفات!$B$5:$B$304,0))&"","")) | N16: =IF($B16="","",IFERROR(INDEX(الموظفات!$E$5:$E$304,MATCH($B16,الموظفات!$B$5:$B$304,0))&"","")) | O16: =IF(C16="","",IFERROR(INDEX(الإعدادات!$D$7:$D$35,MATCH(C16,الإعدادات!$A$7:$A$35,0))&"","")) | P16: =IF(A16="","",INDEX(الإعدادات!$H$7:$H$18,MONTH(A16))) | Q16: =IF(A16="","",INDEX(الإعدادات!$I$7:$I$18,MONTH(A16))) | R16: =IF(A16="","",IF(MONTH(A16)>=8,YEAR(A16)&"-"&(YEAR(A16)+1),(YEAR(A16)-1)&"-"&YEAR(A16))) | S16: =IF(OR(A16="",B16=""),0,IF(AND(R16=التقارير!$C$4,OR(التقارير!$C$5="سنوي",AND(التقارير!$C$5="شهري",P16=التقارير!$C$6),AND(التقارير!$C$5="فصلي",Q16=التقارير!$C$7))),1,0)) | T16: =IF(S16=1,COUNTIF($S$5:S16,1),"") | U16: =IF(AND($A16<>"",$B16<>"",$R16='تقرير الفصل الأول'!$C$4,$Q16='تقرير الفصل الأول'!$C$7),COUNT(U$4:U15)+1,"") | V16: =IF(AND($A16<>"",$B16<>"",$R16='تقرير الفصل الثاني'!$C$4,$Q16='تقرير الفصل الثاني'!$C$7),COUNT(V$4:V15)+1,"") | W16: =IF(AND($A16<>"",$B16<>"",$R16='تقرير سبتمبر'!$C$4,$P16='تقرير سبتمبر'!$C$6),COUNT(W$4:W15)+1,"") | X16: =IF(AND($A16<>"",$B16<>"",$R16='تقرير أكتوبر'!$C$4,$P16='تقرير أكتوبر'!$C$6),COUNT(X$4:X15)+1,"") | Y16: =IF(AND($A16<>"",$B16<>"",$R16='تقرير نوفمبر'!$C$4,$P16='تقرير نوفمبر'!$C$6),COUNT(Y$4:Y15)+1,"") | Z16: =IF(AND($A16<>"",$B16<>"",$R16='تقرير ديسمبر'!$C$4,$P16='تقرير ديسمبر'!$C$6),COUNT(Z$4:Z15)+1,"") | AA16: =IF(AND($A16<>"",$B16<>"",$R16='تقرير يناير'!$C$4,$P16='تقرير يناير'!$C$6),COUNT(AA$4:AA15)+1,"") | AB16: =IF(AND($A16<>"",$B16<>"",$R16='تقرير فبراير'!$C$4,$P16='تقرير فبراير'!$C$6),COUNT(AB$4:AB15)+1,"") | AC16: =IF(AND($A16<>"",$B16<>"",$R16='تقرير مارس'!$C$4,$P16='تقرير مارس'!$C$6),COUNT(AC$4:AC15)+1,"") | AD16: =IF(AND($A16<>"",$B16<>"",$R16='تقرير أبريل'!$C$4,$P16='تقرير أبريل'!$C$6),COUNT(AD$4:AD15)+1,"") | AE16: =IF(AND($A16<>"",$B16<>"",$R16='تقرير مايو'!$C$4,$P16='تقرير مايو'!$C$6),COUNT(AE$4:AE15)+1,"")
... K2004: =IF($B2004="","",IFERROR(INDEX(الموظفات!$A$5:$A$304,MATCH($B2004,الموظفات!$B$5:$B$304,0))&"","")) | L2004: =IF($B2004="","",IFERROR(INDEX(الموظفات!$C$5:$C$304,MATCH($B2004,الموظفات!$B$5:$B$304,0))&"","")) | M2004: =IF($B2004="","",IFERROR(INDEX(الموظفات!$D$5:$D$304,MATCH($B2004,الموظفات!$B$5:$B$304,0))&"","")) | N2004: =IF($B2004="","",IFERROR(INDEX(الموظفات!$E$5:$E$304,MATCH($B2004,الموظفات!$B$5:$B$304,0))&"","")) | O2004: =IF(C2004="","",IFERROR(INDEX(الإعدادات!$D$7:$D$35,MATCH(C2004,الإعدادات!$A$7:$A$35,0))&"","")) | P2004: =IF(A2004="","",INDEX(الإعدادات!$H$7:$H$18,MONTH(A2004))) | Q2004: =IF(A2004="","",INDEX(الإعدادات!$I$7:$I$18,MONTH(A2004))) | R2004: =IF(A2004="","",IF(MONTH(A2004)>=8,YEAR(A2004)&"-"&(YEAR(A2004)+1),(YEAR(A2004)-1)&"-"&YEAR(A2004))) | S2004: =IF(OR(A2004="",B2004=""),0,IF(AND(R2004=التقارير!$C$4,OR(التقارير!$C$5="سنوي",AND(التقارير!$C$5="شهري",P2004=التقارير!$C$6),AND(التقارير!$C$5="فصلي",Q2004=التقارير!$C$7))),1,0)) | T2004: =IF(S2004=1,COUNTIF($S$5:S2004,1),"") | U2004: =IF(AND($A2004<>"",$B2004<>"",$R2004='تقرير الفصل الأول'!$C$4,$Q2004='تقرير الفصل الأول'!$C$7),COUNT(U$4:U2003)+1,"") | V2004: =IF(AND($A2004<>"",$B2004<>"",$R2004='تقرير الفصل الثاني'!$C$4,$Q2004='تقرير الفصل الثاني'!$C$7),COUNT(V$4:V2003)+1,"") | W2004: =IF(AND($A2004<>"",$B2004<>"",$R2004='تقرير سبتمبر'!$C$4,$P2004='تقرير سبتمبر'!$C$6),COUNT(W$4:W2003)+1,"") | X2004: =IF(AND($A2004<>"",$B2004<>"",$R2004='تقرير أكتوبر'!$C$4,$P2004='تقرير أكتوبر'!$C$6),COUNT(X$4:X2003)+1,"") | Y2004: =IF(AND($A2004<>"",$B2004<>"",$R2004='تقرير نوفمبر'!$C$4,$P2004='تقرير نوفمبر'!$C$6),COUNT(Y$4:Y2003)+1,"") | Z2004: =IF(AND($A2004<>"",$B2004<>"",$R2004='تقرير ديسمبر'!$C$4,$P2004='تقرير ديسمبر'!$C$6),COUNT(Z$4:Z2003)+1,"") | AA2004: =IF(AND($A2004<>"",$B2004<>"",$R2004='تقرير يناير'!$C$4,$P2004='تقرير يناير'!$C$6),COUNT(AA$4:AA2003)+1,"") | AB2004: =IF(AND($A2004<>"",$B2004<>"",$R2004='تقرير فبراير'!$C$4,$P2004='تقرير فبراير'!$C$6),COUNT(AB$4:AB2003)+1,"") | AC2004: =IF(AND($A2004<>"",$B2004<>"",$R2004='تقرير مارس'!$C$4,$P2004='تقرير مارس'!$C$6),COUNT(AC$4:AC2003)+1,"") | AD2004: =IF(AND($A2004<>"",$B2004<>"",$R2004='تقرير أبريل'!$C$4,$P2004='تقرير أبريل'!$C$6),COUNT(AD$4:AD2003)+1,"") | AE2004: =IF(AND($A2004<>"",$B2004<>"",$R2004='تقرير مايو'!$C$4,$P2004='تقرير مايو'!$C$6),COUNT(AE$4:AE2003)+1,"")

Sheet الموظفات
A1: بيانات الموظفات
A2: منقولة من كشف موظفات المدرسة. أضيفي الرقم الوظيفي في العمود A. الأعمدة الرمادية (من H) تُحسب من السجل للسنة الدراسية الحالية.
A4: الرقم الوظيفي | B4: اسم الموظفة | C4: المسمى الوظيفي | D4: القسم | E4: الفئة | F4: البريد الإلكتروني | G4: الحالة | H4: إجمالي التكريمات (السنة) | I4: معايير ذهبية - الفصل الأول | J4: معايير ذهبية - الفصل الثاني | K4: إجمالي المعايير الذهبية (السنة) | L4: كوبون أمري تدللي | N4: مُكرَّمة: التقارير | O4: مُكرَّمة: تقرير الفصل الأول | P4: مُكرَّمة: تقرير الفصل الثاني | Q4: مُكرَّمة: تقرير سبتمبر | R4: مُكرَّمة: تقرير أكتوبر | S4: مُكرَّمة: تقرير نوفمبر | T4: مُكرَّمة: تقرير ديسمبر | U4: مُكرَّمة: تقرير يناير | V4: مُكرَّمة: تقرير فبراير | W4: مُكرَّمة: تقرير مارس | X4: مُكرَّمة: تقرير أبريل | Y4: مُكرَّمة: تقرير مايو
H5: =IF(B5="","",COUNTIFS('سجل التحفيز'!$B$5:$B$2004,B5,'سجل التحفيز'!$R$5:$R$2004,الإعدادات!$B$4)) | I5: =IF(B5="","",COUNTIFS('سجل التحفيز'!$B$5:$B$2004,B5,'سجل التحفيز'!$R$5:$R$2004,الإعدادات!$B$4,'سجل التحفيز'!$Q$5:$Q$2004,"الفصل الأول",'سجل التحفيز'!$D$5:$D$2004,"ذهبي")) | J5: =IF(B5="","",COUNTIFS('سجل التحفيز'!$B$5:$B$2004,B5,'سجل التحفيز'!$R$5:$R$2004,الإعدادات!$B$4,'سجل التحفيز'!$Q$5:$Q$2004,"الفصل الثاني",'سجل التحفيز'!$D$5:$D$2004,"ذهبي")) | K5: =IF(B5="","",COUNTIFS('سجل التحفيز'!$B$5:$B$2004,B5,'سجل التحفيز'!$R$5:$R$2004,الإعدادات!$B$4,'سجل التحفيز'!$D$5:$D$2004,"ذهبي")) | L5: =IF(B5="","",IF(G5="محرومة","محرومة - مخالفة",IF(K5>=5,"مستحقة ★","متبقي "&(5-K5)&" معايير"))) | N5: =IF(B5="","",IF(COUNTIFS('سجل التحفيز'!$T$5:$T$2004,">0",'سجل التحفيز'!$B$5:$B$2004,B5)>0,COUNT(N$4:N4)+1,"")) | O5: =IF(B5="","",IF(COUNTIFS('سجل التحفيز'!$U$5:$U$2004,">0",'سجل التحفيز'!$B$5:$B$2004,B5)>0,COUNT(O$4:O4)+1,"")) | P5: =IF(B5="","",IF(COUNTIFS('سجل التحفيز'!$V$5:$V$2004,">0",'سجل التحفيز'!$B$5:$B$2004,B5)>0,COUNT(P$4:P4)+1,"")) | Q5: =IF(B5="","",IF(COUNTIFS('سجل التحفيز'!$W$5:$W$2004,">0",'سجل التحفيز'!$B$5:$B$2004,B5)>0,COUNT(Q$4:Q4)+1,"")) | R5: =IF(B5="","",IF(COUNTIFS('سجل التحفيز'!$X$5:$X$2004,">0",'سجل التحفيز'!$B$5:$B$2004,B5)>0,COUNT(R$4:R4)+1,"")) | S5: =IF(B5="","",IF(COUNTIFS('سجل التحفيز'!$Y$5:$Y$2004,">0",'سجل التحفيز'!$B$5:$B$2004,B5)>0,COUNT(S$4:S4)+1,"")) | T5: =IF(B5="","",IF(COUNTIFS('سجل التحفيز'!$Z$5:$Z$2004,">0",'سجل التحفيز'!$B$5:$B$2004,B5)>0,COUNT(T$4:T4)+1,"")) | U5: =IF(B5="","",IF(COUNTIFS('سجل التحفيز'!$AA$5:$AA$2004,">0",'سجل التحفيز'!$B$5:$B$2004,B5)>0,COUNT(U$4:U4)+1,"")) | V5: =IF(B5="","",IF(COUNTIFS('سجل التحفيز'!$AB$5:$AB$2004,">0",'سجل التحفيز'!$B$5:$B$2004,B5)>0,COUNT(V$4:V4)+1,"")) | W5: =IF(B5="","",IF(COUNTIFS('سجل التحفيز'!$AC$5:$AC$2004,">0",'سجل التحفيز'!$B$5:$B$2004,B5)>0,COUNT(W$4:W4)+1,"")) | X5: =IF(B5="","",IF(COUNTIFS('سجل التحفيز'!$AD$5:$AD$2004,">0",'سجل التحفيز'!$B$5:$B$2004,B5)>0,COUNT(X$4:X4)+1,"")) | Y5: =IF(B5="","",IF(COUNTIFS('سجل التحفيز'!$AE$5:$AE$2004,">0",'سجل التحفيز'!$B$5:$B$2004,B5)>0,COUNT(Y$4:Y4)+1,""))
H6: =IF(B6="","",COUNTIFS('سجل التحفيز'!$B$5:$B$2004,B6,'سجل التحفيز'!$R$5:$R$2004,الإعدادات!$B$4)) | I6: =IF(B6="","",COUNTIFS('سجل التحفيز'!$B$5:$B$2004,B6,'سجل التحفيز'!$R$5:$R$2004,الإعدادات!$B$4,'سجل التحفيز'!$Q$5:$Q$2004,"الفصل الأول",'سجل التحفيز'!$D$5:$D$2004,"ذهبي")) | J6: =IF(B6="","",COUNTIFS('سجل التحفيز'!$B$5:$B$2004,B6,'سجل التحفيز'!$R$5:$R$2004,الإعدادات!$B$4,'سجل التحفيز'!$Q$5:$Q$2004,"الفصل الثاني",'سجل التحفيز'!$D$5:$D$2004,"ذهبي")) | K6: =IF(B6="","",COUNTIFS('سجل التحفيز'!$B$5:$B$2004,B6,'سجل التحفيز'!$R$5:$R$2004,الإعدادات!$B$4,'سجل التحفيز'!$D$5:$D$2004,"ذهبي")) | L6: =IF(B6="","",IF(G6="محرومة","محرومة - مخالفة",IF(K6>=5,"مستحقة ★","متبقي "&(5-K6)&" معايير"))) | N6: =IF(B6="","",IF(COUNTIFS('سجل التحفيز'!$T$5:$T$2004,">0",'سجل التحفيز'!$B$5:$B$2004,B6)>0,COUNT(N$4:N5)+1,"")) | O6: =IF(B6="","",IF(COUNTIFS('سجل التحفيز'!$U$5:$U$2004,">0",'سجل التحفيز'!$B$5:$B$2004,B6)>0,COUNT(O$4:O5)+1,"")) | P6: =IF(B6="","",IF(COUNTIFS('سجل التحفيز'!$V$5:$V$2004,">0",'سجل التحفيز'!$B$5:$B$2004,B6)>0,COUNT(P$4:P5)+1,"")) | Q6: =IF(B6="","",IF(COUNTIFS('سجل التحفيز'!$W$5:$W$2004,">0",'سجل التحفيز'!$B$5:$B$2004,B6)>0,COUNT(Q$4:Q5)+1,"")) | R6: =IF(B6="","",IF(COUNTIFS('سجل التحفيز'!$X$5:$X$2004,">0",'سجل التحفيز'!$B$5:$B$2004,B6)>0,COUNT(R$4:R5)+1,"")) | S6: =IF(B6="","",IF(COUNTIFS('سجل التحفيز'!$Y$5:$Y$2004,">0",'سجل التحفيز'!$B$5:$B$2004,B6)>0,COUNT(S$4:S5)+1,"")) | T6: =IF(B6="","",IF(COUNTIFS('سجل التحفيز'!$Z$5:$Z$2004,">0",'سجل التحفيز'!$B$5:$B$2004,B6)>0,COUNT(T$4:T5)+1,"")) | U6: =IF(B6="","",IF(COUNTIFS('سجل التحفيز'!$AA$5:$AA$2004,">0",'سجل التحفيز'!$B$5:$B$2004,B6)>0,COUNT(U$4:U5)+1,"")) | V6: =IF(B6="","",IF(COUNTIFS('سجل التحفيز'!$AB$5:$AB$2004,">0",'سجل التحفيز'!$B$5:$B$2004,B6)>0,COUNT(V$4:V5)+1,"")) | W6: =IF(B6="","",IF(COUNTIFS('سجل التحفيز'!$AC$5:$AC$2004,">0",'سجل التحفيز'!$B$5:$B$2004,B6)>0,COUNT(W$4:W5)+1,"")) | X6: =IF(B6="","",IF(COUNTIFS('سجل التحفيز'!$AD$5:$AD$2004,">0",'سجل التحفيز'!$B$5:$B$2004,B6)>0,COUNT(X$4:X5)+1,"")) | Y6: =IF(B6="","",IF(COUNTIFS('سجل التحفيز'!$AE$5:$AE$2004,">0",'سجل التحفيز'!$B$5:$B$2004,B6)>0,COUNT(Y$4:Y5)+1,""))
H7: =IF(B7="","",COUNTIFS('سجل التحفيز'!$B$5:$B$2004,B7,'سجل التحفيز'!$R$5:$R$2004,الإعدادات!$B$4)) | I7: =IF(B7="","",COUNTIFS('سجل التحفيز'!$B$5:$B$2004,B7,'سجل التحفيز'!$R$5:$R$2004,الإعدادات!$B$4,'سجل التحفيز'!$Q$5:$Q$2004,"الفصل الأول",'سجل التحفيز'!$D$5:$D$2004,"ذهبي")) | J7: =IF(B7="","",COUNTIFS('سجل التحفيز'!$B$5:$B$2004,B7,'سجل التحفيز'!$R$5:$R$2004,الإعدادات!$B$4,'سجل التحفيز'!$Q$5:$Q$2004,"الفصل الثاني",'سجل التحفيز'!$D$5:$D$2004,"ذهبي")) | K7: =IF(B7="","",COUNTIFS('سجل التحفيز'!$B$5:$B$2004,B7,'سجل التحفيز'!$R$5:$R$2004,الإعدادات!$B$4,'سجل التحفيز'!$D$5:$D$2004,"ذهبي")) | L7: =IF(B7="","",IF(G7="محرومة","محرومة - مخالفة",IF(K7>=5,"مستحقة ★","متبقي "&(5-K7)&" معايير"))) | N7: =IF(B7="","",IF(COUNTIFS('سجل التحفيز'!$T$5:$T$2004,">0",'سجل التحفيز'!$B$5:$B$2004,B7)>0,COUNT(N$4:N6)+1,"")) | O7: =IF(B7="","",IF(COUNTIFS('سجل التحفيز'!$U$5:$U$2004,">0",'سجل التحفيز'!$B$5:$B$2004,B7)>0,COUNT(O$4:O6)+1,"")) | P7: =IF(B7="","",IF(COUNTIFS('سجل التحفيز'!$V$5:$V$2004,">0",'سجل التحفيز'!$B$5:$B$2004,B7)>0,COUNT(P$4:P6)+1,"")) | Q7: =IF(B7="","",IF(COUNTIFS('سجل التحفيز'!$W$5:$W$2004,">0",'سجل التحفيز'!$B$5:$B$2004,B7)>0,COUNT(Q$4:Q6)+1,"")) | R7: =IF(B7="","",IF(COUNTIFS('سجل التحفيز'!$X$5:$X$2004,">0",'سجل التحفيز'!$B$5:$B$2004,B7)>0,COUNT(R$4:R6)+1,"")) | S7: =IF(B7="","",IF(COUNTIFS('سجل التحفيز'!$Y$5:$Y$2004,">0",'سجل التحفيز'!$B$5:$B$2004,B7)>0,COUNT(S$4:S6)+1,"")) | T7: =IF(B7="","",IF(COUNTIFS('سجل التحفيز'!$Z$5:$Z$2004,">0",'سجل التحفيز'!$B$5:$B$2004,B7)>0,COUNT(T$4:T6)+1,"")) | U7: =IF(B7="","",IF(COUNTIFS('سجل التحفيز'!$AA$5:$AA$2004,">0",'سجل التحفيز'!$B$5:$B$2004,B7)>0,COUNT(U$4:U6)+1,"")) | V7: =IF(B7="","",IF(COUNTIFS('سجل التحفيز'!$AB$5:$AB$2004,">0",'سجل التحفيز'!$B$5:$B$2004,B7)>0,COUNT(V$4:V6)+1,"")) | W7: =IF(B7="","",IF(COUNTIFS('سجل التحفيز'!$AC$5:$AC$2004,">0",'سجل التحفيز'!$B$5:$B$2004,B7)>0,COUNT(W$4:W6)+1,"")) | X7: =IF(B7="","",IF(COUNTIFS('سجل التحفيز'!$AD$5:$AD$2004,">0",'سجل التحفيز'!$B$5:$B$2004,B7)>0,COUNT(X$4:X6)+1,"")) | Y7: =IF(B7="","",IF(COUNTIFS('سجل التحفيز'!$AE$5:$AE$2004,">0",'سجل التحفيز'!$B$5:$B$2004,B7)>0,COUNT(Y$4:Y6)+1,""))
H8: =IF(B8="","",COUNTIFS('سجل التحفيز'!$B$5:$B$2004,B8,'سجل التحفيز'!$R$5:$R$2004,الإعدادات!$B$4)) | I8: =IF(B8="","",COUNTIFS('سجل التحفيز'!$B$5:$B$2004,B8,'سجل التحفيز'!$R$5:$R$2004,الإعدادات!$B$4,'سجل التحفيز'!$Q$5:$Q$2004,"الفصل الأول",'سجل التحفيز'!$D$5:$D$2004,"ذهبي")) | J8: =IF(B8="","",COUNTIFS('سجل التحفيز'!$B$5:$B$2004,B8,'سجل التحفيز'!$R$5:$R$2004,الإعدادات!$B$4,'سجل التحفيز'!$Q$5:$Q$2004,"الفصل الثاني",'سجل التحفيز'!$D$5:$D$2004,"ذهبي")) | K8: =IF(B8="","",COUNTIFS('سجل التحفيز'!$B$5:$B$2004,B8,'سجل التحفيز'!$R$5:$R$2004,الإعدادات!$B$4,'سجل التحفيز'!$D$5:$D$2004,"ذهبي")) | L8: =IF(B8="","",IF(G8="محرومة","محرومة - مخالفة",IF(K8>=5,"مستحقة ★","متبقي "&(5-K8)&" معايير"))) | N8: =IF(B8="","",IF(COUNTIFS('سجل التحفيز'!$T$5:$T$2004,">0",'سجل التحفيز'!$B$5:$B$2004,B8)>0,COUNT(N$4:N7)+1,"")) | O8: =IF(B8="","",IF(COUNTIFS('سجل التحفيز'!$U$5:$U$2004,">0",'سجل التحفيز'!$B$5:$B$2004,B8)>0,COUNT(O$4:O7)+1,"")) | P8: =IF(B8="","",IF(COUNTIFS('سجل التحفيز'!$V$5:$V$2004,">0",'سجل التحفيز'!$B$5:$B$2004,B8)>0,COUNT(P$4:P7)+1,"")) | Q8: =IF(B8="","",IF(COUNTIFS('سجل التحفيز'!$W$5:$W$2004,">0",'سجل التحفيز'!$B$5:$B$2004,B8)>0,COUNT(Q$4:Q7)+1,"")) | R8: =IF(B8="","",IF(COUNTIFS('سجل التحفيز'!$X$5:$X$2004,">0",'سجل التحفيز'!$B$5:$B$2004,B8)>0,COUNT(R$4:R7)+1,"")) | S8: =IF(B8="","",IF(COUNTIFS('سجل التحفيز'!$Y$5:$Y$2004,">0",'سجل التحفيز'!$B$5:$B$2004,B8)>0,COUNT(S$4:S7)+1,"")) | T8: =IF(B8="","",IF(COUNTIFS('سجل التحفيز'!$Z$5:$Z$2004,">0",'سجل التحفيز'!$B$5:$B$2004,B8)>0,COUNT(T$4:T7)+1,"")) | U8: =IF(B8="","",IF(COUNTIFS('سجل التحفيز'!$AA$5:$AA$2004,">0",'سجل التحفيز'!$B$5:$B$2004,B8)>0,COUNT(U$4:U7)+1,"")) | V8: =IF(B8="","",IF(COUNTIFS('سجل التحفيز'!$AB$5:$AB$2004,">0",'سجل التحفيز'!$B$5:$B$2004,B8)>0,COUNT(V$4:V7)+1,"")) | W8: =IF(B8="","",IF(COUNTIFS('سجل التحفيز'!$AC$5:$AC$2004,">0",'سجل التحفيز'!$B$5:$B$2004,B8)>0,COUNT(W$4:W7)+1,"")) | X8: =IF(B8="","",IF(COUNTIFS('سجل التحفيز'!$AD$5:$AD$2004,">0",'سجل التحفيز'!$B$5:$B$2004,B8)>0,COUNT(X$4:X7)+1,"")) | Y8: =IF(B8="","",IF(COUNTIFS('سجل التحفيز'!$AE$5:$AE$2004,">0",'سجل التحفيز'!$B$5:$B$2004,B8)>0,COUNT(Y$4:Y7)+1,""))
H9: =IF(B9="","",COUNTIFS('سجل التحفيز'!$B$5:$B$2004,B9,'سجل التحفيز'!$R$5:$R$2004,الإعدادات!$B$4)) | I9: =IF(B9="","",COUNTIFS('سجل التحفيز'!$B$5:$B$2004,B9,'سجل التحفيز'!$R$5:$R$2004,الإعدادات!$B$4,'سجل التحفيز'!$Q$5:$Q$2004,"الفصل الأول",'سجل التحفيز'!$D$5:$D$2004,"ذهبي")) | J9: =IF(B9="","",COUNTIFS('سجل التحفيز'!$B$5:$B$2004,B9,'سجل التحفيز'!$R$5:$R$2004,الإعدادات!$B$4,'سجل التحفيز'!$Q$5:$Q$2004,"الفصل الثاني",'سجل التحفيز'!$D$5:$D$2004,"ذهبي")) | K9: =IF(B9="","",COUNTIFS('سجل التحفيز'!$B$5:$B$2004,B9,'سجل التحفيز'!$R$5:$R$2004,الإعدادات!$B$4,'سجل التحفيز'!$D$5:$D$2004,"ذهبي")) | L9: =IF(B9="","",IF(G9="محرومة","محرومة - مخالفة",IF(K9>=5,"مستحقة ★","متبقي "&(5-K9)&" معايير"))) | N9: =IF(B9="","",IF(COUNTIFS('سجل التحفيز'!$T$5:$T$2004,">0",'سجل التحفيز'!$B$5:$B$2004,B9)>0,COUNT(N$4:N8)+1,"")) | O9: =IF(B9="","",IF(COUNTIFS('سجل التحفيز'!$U$5:$U$2004,">0",'سجل التحفيز'!$B$5:$B$2004,B9)>0,COUNT(O$4:O8)+1,"")) | P9: =IF(B9="","",IF(COUNTIFS('سجل التحفيز'!$V$5:$V$2004,">0",'سجل التحفيز'!$B$5:$B$2004,B9)>0,COUNT(P$4:P8)+1,"")) | Q9: =IF(B9="","",IF(COUNTIFS('سجل التحفيز'!$W$5:$W$2004,">0",'سجل التحفيز'!$B$5:$B$2004,B9)>0,COUNT(Q$4:Q8)+1,"")) | R9: =IF(B9="","",IF(COUNTIFS('سجل التحفيز'!$X$5:$X$2004,">0",'سجل التحفيز'!$B$5:$B$2004,B9)>0,COUNT(R$4:R8)+1,"")) | S9: =IF(B9="","",IF(COUNTIFS('سجل التحفيز'!$Y$5:$Y$2004,">0",'سجل التحفيز'!$B$5:$B$2004,B9)>0,COUNT(S$4:S8)+1,"")) | T9: =IF(B9="","",IF(COUNTIFS('سجل التحفيز'!$Z$5:$Z$2004,">0",'سجل التحفيز'!$B$5:$B$2004,B9)>0,COUNT(T$4:T8)+1,"")) | U9: =IF(B9="","",IF(COUNTIFS('سجل التحفيز'!$AA$5:$AA$2004,">0",'سجل التحفيز'!$B$5:$B$2004,B9)>0,COUNT(U$4:U8)+1,"")) | V9: =IF(B9="","",IF(COUNTIFS('سجل التحفيز'!$AB$5:$AB$2004,">0",'سجل التحفيز'!$B$5:$B$2004,B9)>0,COUNT(V$4:V8)+1,"")) | W9: =IF(B9="","",IF(COUNTIFS('سجل التحفيز'!$AC$5:$AC$2004,">0",'سجل التحفيز'!$B$5:$B$2004,B9)>0,COUNT(W$4:W8)+1,"")) | X9: =IF(B9="","",IF(COUNTIFS('سجل التحفيز'!$AD$5:$AD$2004,">0",'سجل التحفيز'!$B$5:$B$2004,B9)>0,COUNT(X$4:X8)+1,"")) | Y9: =IF(B9="","",IF(COUNTIFS('سجل التحفيز'!$AE$5:$AE$2004,">0",'سجل التحفيز'!$B$5:$B$2004,B9)>0,COUNT(Y$4:Y8)+1,""))
H10: =IF(B10="","",COUNTIFS('سجل التحفيز'!$B$5:$B$2004,B10,'سجل التحفيز'!$R$5:$R$2004,الإعدادات!$B$4)) | I10: =IF(B10="","",COUNTIFS('سجل التحفيز'!$B$5:$B$2004,B10,'سجل التحفيز'!$R$5:$R$2004,الإعدادات!$B$4,'سجل التحفيز'!$Q$5:$Q$2004,"الفصل الأول",'سجل التحفيز'!$D$5:$D$2004,"ذهبي")) | J10: =IF(B10="","",COUNTIFS('سجل التحفيز'!$B$5:$B$2004,B10,'سجل التحفيز'!$R$5:$R$2004,الإعدادات!$B$4,'سجل التحفيز'!$Q$5:$Q$2004,"الفصل الثاني",'سجل التحفيز'!$D$5:$D$2004,"ذهبي")) | K10: =IF(B10="","",COUNTIFS('سجل التحفيز'!$B$5:$B$2004,B10,'سجل التحفيز'!$R$5:$R$2004,الإعدادات!$B$4,'سجل التحفيز'!$D$5:$D$2004,"ذهبي")) | L10: =IF(B10="","",IF(G10="محرومة","محرومة - مخالفة",IF(K10>=5,"مستحقة ★","متبقي "&(5-K10)&" معايير"))) | N10: =IF(B10="","",IF(COUNTIFS('سجل التحفيز'!$T$5:$T$2004,">0",'سجل التحفيز'!$B$5:$B$2004,B10)>0,COUNT(N$4:N9)+1,"")) | O10: =IF(B10="","",IF(COUNTIFS('سجل التحفيز'!$U$5:$U$2004,">0",'سجل التحفيز'!$B$5:$B$2004,B10)>0,COUNT(O$4:O9)+1,"")) | P10: =IF(B10="","",IF(COUNTIFS('سجل التحفيز'!$V$5:$V$2004,">0",'سجل التحفيز'!$B$5:$B$2004,B10)>0,COUNT(P$4:P9)+1,"")) | Q10: =IF(B10="","",IF(COUNTIFS('سجل التحفيز'!$W$5:$W$2004,">0",'سجل التحفيز'!$B$5:$B$2004,B10)>0,COUNT(Q$4:Q9)+1,"")) | R10: =IF(B10="","",IF(COUNTIFS('سجل التحفيز'!$X$5:$X$2004,">0",'سجل التحفيز'!$B$5:$B$2004,B10)>0,COUNT(R$4:R9)+1,"")) | S10: =IF(B10="","",IF(COUNTIFS('سجل التحفيز'!$Y$5:$Y$2004,">0",'سجل التحفيز'!$B$5:$B$2004,B10)>0,COUNT(S$4:S9)+1,"")) | T10: =IF(B10="","",IF(COUNTIFS('سجل التحفيز'!$Z$5:$Z$2004,">0",'سجل التحفيز'!$B$5:$B$2004,B10)>0,COUNT(T$4:T9)+1,"")) | U10: =IF(B10="","",IF(COUNTIFS('سجل التحفيز'!$AA$5:$AA$2004,">0",'سجل التحفيز'!$B$5:$B$2004,B10)>0,COUNT(U$4:U9)+1,"")) | V10: =IF(B10="","",IF(COUNTIFS('سجل التحفيز'!$AB$5:$AB$2004,">0",'سجل التحفيز'!$B$5:$B$2004,B10)>0,COUNT(V$4:V9)+1,"")) | W10: =IF(B10="","",IF(COUNTIFS('سجل التحفيز'!$AC$5:$AC$2004,">0",'سجل التحفيز'!$B$5:$B$2004,B10)>0,COUNT(W$4:W9)+1,"")) | X10: =IF(B10="","",IF(COUNTIFS('سجل التحفيز'!$AD$5:$AD$2004,">0",'سجل التحفيز'!$B$5:$B$2004,B10)>0,COUNT(X$4:X9)+1,"")) | Y10: =IF(B10="","",IF(COUNTIFS('سجل التحفيز'!$AE$5:$AE$2004,">0",'سجل التحفيز'!$B$5:$B$2004,B10)>0,COUNT(Y$4:Y9)+1,""))
H11: =IF(B11="","",COUNTIFS('سجل التحفيز'!$B$5:$B$2004,B11,'سجل التحفيز'!$R$5:$R$2004,الإعدادات!$B$4)) | I11: =IF(B11="","",COUNTIFS('سجل التحفيز'!$B$5:$B$2004,B11,'سجل التحفيز'!$R$5:$R$2004,الإعدادات!$B$4,'سجل التحفيز'!$Q$5:$Q$2004,"الفصل الأول",'سجل التحفيز'!$D$5:$D$2004,"ذهبي")) | J11: =IF(B11="","",COUNTIFS('سجل التحفيز'!$B$5:$B$2004,B11,'سجل التحفيز'!$R$5:$R$2004,الإعدادات!$B$4,'سجل التحفيز'!$Q$5:$Q$2004,"الفصل الثاني",'سجل التحفيز'!$D$5:$D$2004,"ذهبي")) | K11: =IF(B11="","",COUNTIFS('سجل التحفيز'!$B$5:$B$2004,B11,'سجل التحفيز'!$R$5:$R$2004,الإعدادات!$B$4,'سجل التحفيز'!$D$5:$D$2004,"ذهبي")) | L11: =IF(B11="","",IF(G11="محرومة","محرومة - مخالفة",IF(K11>=5,"مستحقة ★","متبقي "&(5-K11)&" معايير"))) | N11: =IF(B11="","",IF(COUNTIFS('سجل التحفيز'!$T$5:$T$2004,">0",'سجل التحفيز'!$B$5:$B$2004,B11)>0,COUNT(N$4:N10)+1,"")) | O11: =IF(B11="","",IF(COUNTIFS('سجل التحفيز'!$U$5:$U$2004,">0",'سجل التحفيز'!$B$5:$B$2004,B11)>0,COUNT(O$4:O10)+1,"")) | P11: =IF(B11="","",IF(COUNTIFS('سجل التحفيز'!$V$5:$V$2004,">0",'سجل التحفيز'!$B$5:$B$2004,B11)>0,COUNT(P$4:P10)+1,"")) | Q11: =IF(B11="","",IF(COUNTIFS('سجل التحفيز'!$W$5:$W$2004,">0",'سجل التحفيز'!$B$5:$B$2004,B11)>0,COUNT(Q$4:Q10)+1,"")) | R11: =IF(B11="","",IF(COUNTIFS('سجل التحفيز'!$X$5:$X$2004,">0",'سجل التحفيز'!$B$5:$B$2004,B11)>0,COUNT(R$4:R10)+1,"")) | S11: =IF(B11="","",IF(COUNTIFS('سجل التحفيز'!$Y$5:$Y$2004,">0",'سجل التحفيز'!$B$5:$B$2004,B11)>0,COUNT(S$4:S10)+1,"")) | T11: =IF(B11="","",IF(COUNTIFS('سجل التحفيز'!$Z$5:$Z$2004,">0",'سجل التحفيز'!$B$5:$B$2004,B11)>0,COUNT(T$4:T10)+1,"")) | U11: =IF(B11="","",IF(COUNTIFS('سجل التحفيز'!$AA$5:$AA$2004,">0",'سجل التحفيز'!$B$5:$B$2004,B11)>0,COUNT(U$4:U10)+1,"")) | V11: =IF(B11="","",IF(COUNTIFS('سجل التحفيز'!$AB$5:$AB$2004,">0",'سجل التحفيز'!$B$5:$B$2004,B11)>0,COUNT(V$4:V10)+1,"")) | W11: =IF(B11="","",IF(COUNTIFS('سجل التحفيز'!$AC$5:$AC$2004,">0",'سجل التحفيز'!$B$5:$B$2004,B11)>0,COUNT(W$4:W10)+1,"")) | X11: =IF(B11="","",IF(COUNTIFS('سجل التحفيز'!$AD$5:$AD$2004,">0",'سجل التحفيز'!$B$5:$B$2004,B11)>0,COUNT(X$4:X10)+1,"")) | Y11: =IF(B11="","",IF(COUNTIFS('سجل التحفيز'!$AE$5:$AE$2004,">0",'سجل التحفيز'!$B$5:$B$2004,B11)>0,COUNT(Y$4:Y10)+1,""))
H12: =IF(B12="","",COUNTIFS('سجل التحفيز'!$B$5:$B$2004,B12,'سجل التحفيز'!$R$5:$R$2004,الإعدادات!$B$4)) | I12: =IF(B12="","",COUNTIFS('سجل التحفيز'!$B$5:$B$2004,B12,'سجل التحفيز'!$R$5:$R$2004,الإعدادات!$B$4,'سجل التحفيز'!$Q$5:$Q$2004,"الفصل الأول",'سجل التحفيز'!$D$5:$D$2004,"ذهبي")) | J12: =IF(B12="","",COUNTIFS('سجل التحفيز'!$B$5:$B$2004,B12,'سجل التحفيز'!$R$5:$R$2004,الإعدادات!$B$4,'سجل التحفيز'!$Q$5:$Q$2004,"الفصل الثاني",'سجل التحفيز'!$D$5:$D$2004,"ذهبي")) | K12: =IF(B12="","",COUNTIFS('سجل التحفيز'!$B$5:$B$2004,B12,'سجل التحفيز'!$R$5:$R$2004,الإعدادات!$B$4,'سجل التحفيز'!$D$5:$D$2004,"ذهبي")) | L12: =IF(B12="","",IF(G12="محرومة","محرومة - مخالفة",IF(K12>=5,"مستحقة ★","متبقي "&(5-K12)&" معايير"))) | N12: =IF(B12="","",IF(COUNTIFS('سجل التحفيز'!$T$5:$T$2004,">0",'سجل التحفيز'!$B$5:$B$2004,B12)>0,COUNT(N$4:N11)+1,"")) | O12: =IF(B12="","",IF(COUNTIFS('سجل التحفيز'!$U$5:$U$2004,">0",'سجل التحفيز'!$B$5:$B$2004,B12)>0,COUNT(O$4:O11)+1,"")) | P12: =IF(B12="","",IF(COUNTIFS('سجل التحفيز'!$V$5:$V$2004,">0",'سجل التحفيز'!$B$5:$B$2004,B12)>0,COUNT(P$4:P11)+1,"")) | Q12: =IF(B12="","",IF(COUNTIFS('سجل التحفيز'!$W$5:$W$2004,">0",'سجل التحفيز'!$B$5:$B$2004,B12)>0,COUNT(Q$4:Q11)+1,"")) | R12: =IF(B12="","",IF(COUNTIFS('سجل التحفيز'!$X$5:$X$2004,">0",'سجل التحفيز'!$B$5:$B$2004,B12)>0,COUNT(R$4:R11)+1,"")) | S12: =IF(B12="","",IF(COUNTIFS('سجل التحفيز'!$Y$5:$Y$2004,">0",'سجل التحفيز'!$B$5:$B$2004,B12)>0,COUNT(S$4:S11)+1,"")) | T12: =IF(B12="","",IF(COUNTIFS('سجل التحفيز'!$Z$5:$Z$2004,">0",'سجل التحفيز'!$B$5:$B$2004,B12)>0,COUNT(T$4:T11)+1,"")) | U12: =IF(B12="","",IF(COUNTIFS('سجل التحفيز'!$AA$5:$AA$2004,">0",'سجل التحفيز'!$B$5:$B$2004,B12)>0,COUNT(U$4:U11)+1,"")) | V12: =IF(B12="","",IF(COUNTIFS('سجل التحفيز'!$AB$5:$AB$2004,">0",'سجل التحفيز'!$B$5:$B$2004,B12)>0,COUNT(V$4:V11)+1,"")) | W12: =IF(B12="","",IF(COUNTIFS('سجل التحفيز'!$AC$5:$AC$2004,">0",'سجل التحفيز'!$B$5:$B$2004,B12)>0,COUNT(W$4:W11)+1,"")) | X12: =IF(B12="","",IF(COUNTIFS('سجل التحفيز'!$AD$5:$AD$2004,">0",'سجل التحفيز'!$B$5:$B$2004,B12)>0,COUNT(X$4:X11)+1,"")) | Y12: =IF(B12="","",IF(COUNTIFS('سجل التحفيز'!$AE$5:$AE$2004,">0",'سجل التحفيز'!$B$5:$B$2004,B12)>0,COUNT(Y$4:Y11)+1,""))
H13: =IF(B13="","",COUNTIFS('سجل التحفيز'!$B$5:$B$2004,B13,'سجل التحفيز'!$R$5:$R$2004,الإعدادات!$B$4)) | I13: =IF(B13="","",COUNTIFS('سجل التحفيز'!$B$5:$B$2004,B13,'سجل التحفيز'!$R$5:$R$2004,الإعدادات!$B$4,'سجل التحفيز'!$Q$5:$Q$2004,"الفصل الأول",'سجل التحفيز'!$D$5:$D$2004,"ذهبي")) | J13: =IF(B13="","",COUNTIFS('سجل التحفيز'!$B$5:$B$2004,B13,'سجل التحفيز'!$R$5:$R$2004,الإعدادات!$B$4,'سجل التحفيز'!$Q$5:$Q$2004,"الفصل الثاني",'سجل التحفيز'!$D$5:$D$2004,"ذهبي")) | K13: =IF(B13="","",COUNTIFS('سجل التحفيز'!$B$5:$B$2004,B13,'سجل التحفيز'!$R$5:$R$2004,الإعدادات!$B$4,'سجل التحفيز'!$D$5:$D$2004,"ذهبي")) | L13: =IF(B13="","",IF(G13="محرومة","محرومة - مخالفة",IF(K13>=5,"مستحقة ★","متبقي "&(5-K13)&" معايير"))) | N13: =IF(B13="","",IF(COUNTIFS('سجل التحفيز'!$T$5:$T$2004,">0",'سجل التحفيز'!$B$5:$B$2004,B13)>0,COUNT(N$4:N12)+1,"")) | O13: =IF(B13="","",IF(COUNTIFS('سجل التحفيز'!$U$5:$U$2004,">0",'سجل التحفيز'!$B$5:$B$2004,B13)>0,COUNT(O$4:O12)+1,"")) | P13: =IF(B13="","",IF(COUNTIFS('سجل التحفيز'!$V$5:$V$2004,">0",'سجل التحفيز'!$B$5:$B$2004,B13)>0,COUNT(P$4:P12)+1,"")) | Q13: =IF(B13="","",IF(COUNTIFS('سجل التحفيز'!$W$5:$W$2004,">0",'سجل التحفيز'!$B$5:$B$2004,B13)>0,COUNT(Q$4:Q12)+1,"")) | R13: =IF(B13="","",IF(COUNTIFS('سجل التحفيز'!$X$5:$X$2004,">0",'سجل التحفيز'!$B$5:$B$2004,B13)>0,COUNT(R$4:R12)+1,"")) | S13: =IF(B13="","",IF(COUNTIFS('سجل التحفيز'!$Y$5:$Y$2004,">0",'سجل التحفيز'!$B$5:$B$2004,B13)>0,COUNT(S$4:S12)+1,"")) | T13: =IF(B13="","",IF(COUNTIFS('سجل التحفيز'!$Z$5:$Z$2004,">0",'سجل التحفيز'!$B$5:$B$2004,B13)>0,COUNT(T$4:T12)+1,"")) | U13: =IF(B13="","",IF(COUNTIFS('سجل التحفيز'!$AA$5:$AA$2004,">0",'سجل التحفيز'!$B$5:$B$2004,B13)>0,COUNT(U$4:U12)+1,"")) | V13: =IF(B13="","",IF(COUNTIFS('سجل التحفيز'!$AB$5:$AB$2004,">0",'سجل التحفيز'!$B$5:$B$2004,B13)>0,COUNT(V$4:V12)+1,"")) | W13: =IF(B13="","",IF(COUNTIFS('سجل التحفيز'!$AC$5:$AC$2004,">0",'سجل التحفيز'!$B$5:$B$2004,B13)>0,COUNT(W$4:W12)+1,"")) | X13: =IF(B13="","",IF(COUNTIFS('سجل التحفيز'!$AD$5:$AD$2004,">0",'سجل التحفيز'!$B$5:$B$2004,B13)>0,COUNT(X$4:X12)+1,"")) | Y13: =IF(B13="","",IF(COUNTIFS('سجل التحفيز'!$AE$5:$AE$2004,">0",'سجل التحفيز'!$B$5:$B$2004,B13)>0,COUNT(Y$4:Y12)+1,""))
H14: =IF(B14="","",COUNTIFS('سجل التحفيز'!$B$5:$B$2004,B14,'سجل التحفيز'!$R$5:$R$2004,الإعدادات!$B$4)) | I14: =IF(B14="","",COUNTIFS('سجل التحفيز'!$B$5:$B$2004,B14,'سجل التحفيز'!$R$5:$R$2004,الإعدادات!$B$4,'سجل التحفيز'!$Q$5:$Q$2004,"الفصل الأول",'سجل التحفيز'!$D$5:$D$2004,"ذهبي")) | J14: =IF(B14="","",COUNTIFS('سجل التحفيز'!$B$5:$B$2004,B14,'سجل التحفيز'!$R$5:$R$2004,الإعدادات!$B$4,'سجل التحفيز'!$Q$5:$Q$2004,"الفصل الثاني",'سجل التحفيز'!$D$5:$D$2004,"ذهبي")) | K14: =IF(B14="","",COUNTIFS('سجل التحفيز'!$B$5:$B$2004,B14,'سجل التحفيز'!$R$5:$R$2004,الإعدادات!$B$4,'سجل التحفيز'!$D$5:$D$2004,"ذهبي")) | L14: =IF(B14="","",IF(G14="محرومة","محرومة - مخالفة",IF(K14>=5,"مستحقة ★","متبقي "&(5-K14)&" معايير"))) | N14: =IF(B14="","",IF(COUNTIFS('سجل التحفيز'!$T$5:$T$2004,">0",'سجل التحفيز'!$B$5:$B$2004,B14)>0,COUNT(N$4:N13)+1,"")) | O14: =IF(B14="","",IF(COUNTIFS('سجل التحفيز'!$U$5:$U$2004,">0",'سجل التحفيز'!$B$5:$B$2004,B14)>0,COUNT(O$4:O13)+1,"")) | P14: =IF(B14="","",IF(COUNTIFS('سجل التحفيز'!$V$5:$V$2004,">0",'سجل التحفيز'!$B$5:$B$2004,B14)>0,COUNT(P$4:P13)+1,"")) | Q14: =IF(B14="","",IF(COUNTIFS('سجل التحفيز'!$W$5:$W$2004,">0",'سجل التحفيز'!$B$5:$B$2004,B14)>0,COUNT(Q$4:Q13)+1,"")) | R14: =IF(B14="","",IF(COUNTIFS('سجل التحفيز'!$X$5:$X$2004,">0",'سجل التحفيز'!$B$5:$B$2004,B14)>0,COUNT(R$4:R13)+1,"")) | S14: =IF(B14="","",IF(COUNTIFS('سجل التحفيز'!$Y$5:$Y$2004,">0",'سجل التحفيز'!$B$5:$B$2004,B14)>0,COUNT(S$4:S13)+1,"")) | T14: =IF(B14="","",IF(COUNTIFS('سجل التحفيز'!$Z$5:$Z$2004,">0",'سجل التحفيز'!$B$5:$B$2004,B14)>0,COUNT(T$4:T13)+1,"")) | U14: =IF(B14="","",IF(COUNTIFS('سجل التحفيز'!$AA$5:$AA$2004,">0",'سجل التحفيز'!$B$5:$B$2004,B14)>0,COUNT(U$4:U13)+1,"")) | V14: =IF(B14="","",IF(COUNTIFS('سجل التحفيز'!$AB$5:$AB$2004,">0",'سجل التحفيز'!$B$5:$B$2004,B14)>0,COUNT(V$4:V13)+1,"")) | W14: =IF(B14="","",IF(COUNTIFS('سجل التحفيز'!$AC$5:$AC$2004,">0",'سجل التحفيز'!$B$5:$B$2004,B14)>0,COUNT(W$4:W13)+1,"")) | X14: =IF(B14="","",IF(COUNTIFS('سجل التحفيز'!$AD$5:$AD$2004,">0",'سجل التحفيز'!$B$5:$B$2004,B14)>0,COUNT(X$4:X13)+1,"")) | Y14: =IF(B14="","",IF(COUNTIFS('سجل التحفيز'!$AE$5:$AE$2004,">0",'سجل التحفيز'!$B$5:$B$2004,B14)>0,COUNT(Y$4:Y13)+1,""))
H15: =IF(B15="","",COUNTIFS('سجل التحفيز'!$B$5:$B$2004,B15,'سجل التحفيز'!$R$5:$R$2004,الإعدادات!$B$4)) | I15: =IF(B15="","",COUNTIFS('سجل التحفيز'!$B$5:$B$2004,B15,'سجل التحفيز'!$R$5:$R$2004,الإعدادات!$B$4,'سجل التحفيز'!$Q$5:$Q$2004,"الفصل الأول",'سجل التحفيز'!$D$5:$D$2004,"ذهبي")) | J15: =IF(B15="","",COUNTIFS('سجل التحفيز'!$B$5:$B$2004,B15,'سجل التحفيز'!$R$5:$R$2004,الإعدادات!$B$4,'سجل التحفيز'!$Q$5:$Q$2004,"الفصل الثاني",'سجل التحفيز'!$D$5:$D$2004,"ذهبي")) | K15: =IF(B15="","",COUNTIFS('سجل التحفيز'!$B$5:$B$2004,B15,'سجل التحفيز'!$R$5:$R$2004,الإعدادات!$B$4,'سجل التحفيز'!$D$5:$D$2004,"ذهبي")) | L15: =IF(B15="","",IF(G15="محرومة","محرومة - مخالفة",IF(K15>=5,"مستحقة ★","متبقي "&(5-K15)&" معايير"))) | N15: =IF(B15="","",IF(COUNTIFS('سجل التحفيز'!$T$5:$T$2004,">0",'سجل التحفيز'!$B$5:$B$2004,B15)>0,COUNT(N$4:N14)+1,"")) | O15: =IF(B15="","",IF(COUNTIFS('سجل التحفيز'!$U$5:$U$2004,">0",'سجل التحفيز'!$B$5:$B$2004,B15)>0,COUNT(O$4:O14)+1,"")) | P15: =IF(B15="","",IF(COUNTIFS('سجل التحفيز'!$V$5:$V$2004,">0",'سجل التحفيز'!$B$5:$B$2004,B15)>0,COUNT(P$4:P14)+1,"")) | Q15: =IF(B15="","",IF(COUNTIFS('سجل التحفيز'!$W$5:$W$2004,">0",'سجل التحفيز'!$B$5:$B$2004,B15)>0,COUNT(Q$4:Q14)+1,"")) | R15: =IF(B15="","",IF(COUNTIFS('سجل التحفيز'!$X$5:$X$2004,">0",'سجل التحفيز'!$B$5:$B$2004,B15)>0,COUNT(R$4:R14)+1,"")) | S15: =IF(B15="","",IF(COUNTIFS('سجل التحفيز'!$Y$5:$Y$2004,">0",'سجل التحفيز'!$B$5:$B$2004,B15)>0,COUNT(S$4:S14)+1,"")) | T15: =IF(B15="","",IF(COUNTIFS('سجل التحفيز'!$Z$5:$Z$2004,">0",'سجل التحفيز'!$B$5:$B$2004,B15)>0,COUNT(T$4:T14)+1,"")) | U15: =IF(B15="","",IF(COUNTIFS('سجل التحفيز'!$AA$5:$AA$2004,">0",'سجل التحفيز'!$B$5:$B$2004,B15)>0,COUNT(U$4:U14)+1,"")) | V15: =IF(B15="","",IF(COUNTIFS('سجل التحفيز'!$AB$5:$AB$2004,">0",'سجل التحفيز'!$B$5:$B$2004,B15)>0,COUNT(V$4:V14)+1,"")) | W15: =IF(B15="","",IF(COUNTIFS('سجل التحفيز'!$AC$5:$AC$2004,">0",'سجل التحفيز'!$B$5:$B$2004,B15)>0,COUNT(W$4:W14)+1,"")) | X15: =IF(B15="","",IF(COUNTIFS('سجل التحفيز'!$AD$5:$AD$2004,">0",'سجل التحفيز'!$B$5:$B$2004,B15)>0,COUNT(X$4:X14)+1,"")) | Y15: =IF(B15="","",IF(COUNTIFS('سجل التحفيز'!$AE$5:$AE$2004,">0",'سجل التحفيز'!$B$5:$B$2004,B15)>0,COUNT(Y$4:Y14)+1,""))
H16: =IF(B16="","",COUNTIFS('سجل التحفيز'!$B$5:$B$2004,B16,'سجل التحفيز'!$R$5:$R$2004,الإعدادات!$B$4)) | I16: =IF(B16="","",COUNTIFS('سجل التحفيز'!$B$5:$B$2004,B16,'سجل التحفيز'!$R$5:$R$2004,الإعدادات!$B$4,'سجل التحفيز'!$Q$5:$Q$2004,"الفصل الأول",'سجل التحفيز'!$D$5:$D$2004,"ذهبي")) | J16: =IF(B16="","",COUNTIFS('سجل التحفيز'!$B$5:$B$2004,B16,'سجل التحفيز'!$R$5:$R$2004,الإعدادات!$B$4,'سجل التحفيز'!$Q$5:$Q$2004,"الفصل الثاني",'سجل التحفيز'!$D$5:$D$2004,"ذهبي")) | K16: =IF(B16="","",COUNTIFS('سجل التحفيز'!$B$5:$B$2004,B16,'سجل التحفيز'!$R$5:$R$2004,الإعدادات!$B$4,'سجل التحفيز'!$D$5:$D$2004,"ذهبي")) | L16: =IF(B16="","",IF(G16="محرومة","محرومة - مخالفة",IF(K16>=5,"مستحقة ★","متبقي "&(5-K16)&" معايير"))) | N16: =IF(B16="","",IF(COUNTIFS('سجل التحفيز'!$T$5:$T$2004,">0",'سجل التحفيز'!$B$5:$B$2004,B16)>0,COUNT(N$4:N15)+1,"")) | O16: =IF(B16="","",IF(COUNTIFS('سجل التحفيز'!$U$5:$U$2004,">0",'سجل التحفيز'!$B$5:$B$2004,B16)>0,COUNT(O$4:O15)+1,"")) | P16: =IF(B16="","",IF(COUNTIFS('سجل التحفيز'!$V$5:$V$2004,">0",'سجل التحفيز'!$B$5:$B$2004,B16)>0,COUNT(P$4:P15)+1,"")) | Q16: =IF(B16="","",IF(COUNTIFS('سجل التحفيز'!$W$5:$W$2004,">0",'سجل التحفيز'!$B$5:$B$2004,B16)>0,COUNT(Q$4:Q15)+1,"")) | R16: =IF(B16="","",IF(COUNTIFS('سجل التحفيز'!$X$5:$X$2004,">0",'سجل التحفيز'!$B$5:$B$2004,B16)>0,COUNT(R$4:R15)+1,"")) | S16: =IF(B16="","",IF(COUNTIFS('سجل التحفيز'!$Y$5:$Y$2004,">0",'سجل التحفيز'!$B$5:$B$2004,B16)>0,COUNT(S$4:S15)+1,"")) | T16: =IF(B16="","",IF(COUNTIFS('سجل التحفيز'!$Z$5:$Z$2004,">0",'سجل التحفيز'!$B$5:$B$2004,B16)>0,COUNT(T$4:T15)+1,"")) | U16: =IF(B16="","",IF(COUNTIFS('سجل التحفيز'!$AA$5:$AA$2004,">0",'سجل التحفيز'!$B$5:$B$2004,B16)>0,COUNT(U$4:U15)+1,"")) | V16: =IF(B16="","",IF(COUNTIFS('سجل التحفيز'!$AB$5:$AB$2004,">0",'سجل التحفيز'!$B$5:$B$2004,B16)>0,COUNT(V$4:V15)+1,"")) | W16: =IF(B16="","",IF(COUNTIFS('سجل التحفيز'!$AC$5:$AC$2004,">0",'سجل التحفيز'!$B$5:$B$2004,B16)>0,COUNT(W$4:W15)+1,"")) | X16: =IF(B16="","",IF(COUNTIFS('سجل التحفيز'!$AD$5:$AD$2004,">0",'سجل التحفيز'!$B$5:$B$2004,B16)>0,COUNT(X$4:X15)+1,"")) | Y16: =IF(B16="","",IF(COUNTIFS('سجل التحفيز'!$AE$5:$AE$2004,">0",'سجل التحفيز'!$B$5:$B$2004,B16)>0,COUNT(Y$4:Y15)+1,""))
... H304: =IF(B304="","",COUNTIFS('سجل التحفيز'!$B$5:$B$2004,B304,'سجل التحفيز'!$R$5:$R$2004,الإعدادات!$B$4)) | I304: =IF(B304="","",COUNTIFS('سجل التحفيز'!$B$5:$B$2004,B304,'سجل التحفيز'!$R$5:$R$2004,الإعدادات!$B$4,'سجل التحفيز'!$Q$5:$Q$2004,"الفصل الأول",'سجل التحفيز'!$D$5:$D$2004,"ذهبي")) | J304: =IF(B304="","",COUNTIFS('سجل التحفيز'!$B$5:$B$2004,B304,'سجل التحفيز'!$R$5:$R$2004,الإعدادات!$B$4,'سجل التحفيز'!$Q$5:$Q$2004,"الفصل الثاني",'سجل التحفيز'!$D$5:$D$2004,"ذهبي")) | K304: =IF(B304="","",COUNTIFS('سجل التحفيز'!$B$5:$B$2004,B304,'سجل التحفيز'!$R$5:$R$2004,الإعدادات!$B$4,'سجل التحفيز'!$D$5:$D$2004,"ذهبي")) | L304: =IF(B304="","",IF(G304="محرومة","محرومة - مخالفة",IF(K304>=5,"مستحقة ★","متبقي "&(5-K304)&" معايير"))) | N304: =IF(B304="","",IF(COUNTIFS('سجل التحفيز'!$T$5:$T$2004,">0",'سجل التحفيز'!$B$5:$B$2004,B304)>0,COUNT(N$4:N303)+1,"")) | O304: =IF(B304="","",IF(COUNTIFS('سجل التحفيز'!$U$5:$U$2004,">0",'سجل التحفيز'!$B$5:$B$2004,B304)>0,COUNT(O$4:O303)+1,"")) | P304: =IF(B304="","",IF(COUNTIFS('سجل التحفيز'!$V$5:$V$2004,">0",'سجل التحفيز'!$B$5:$B$2004,B304)>0,COUNT(P$4:P303)+1,"")) | Q304: =IF(B304="","",IF(COUNTIFS('سجل التحفيز'!$W$5:$W$2004,">0",'سجل التحفيز'!$B$5:$B$2004,B304)>0,COUNT(Q$4:Q303)+1,"")) | R304: =IF(B304="","",IF(COUNTIFS('سجل التحفيز'!$X$5:$X$2004,">0",'سجل التحفيز'!$B$5:$B$2004,B304)>0,COUNT(R$4:R303)+1,"")) | S304: =IF(B304="","",IF(COUNTIFS('سجل التحفيز'!$Y$5:$Y$2004,">0",'سجل التحفيز'!$B$5:$B$2004,B304)>0,COUNT(S$4:S303)+1,"")) | T304: =IF(B304="","",IF(COUNTIFS('سجل التحفيز'!$Z$5:$Z$2004,">0",'سجل التحفيز'!$B$5:$B$2004,B304)>0,COUNT(T$4:T303)+1,"")) | U304: =IF(B304="","",IF(COUNTIFS('سجل التحفيز'!$AA$5:$AA$2004,">0",'سجل التحفيز'!$B$5:$B$2004,B304)>0,COUNT(U$4:U303)+1,"")) | V304: =IF(B304="","",IF(COUNTIFS('سجل التحفيز'!$AB$5:$AB$2004,">0",'سجل التحفيز'!$B$5:$B$2004,B304)>0,COUNT(V$4:V303)+1,"")) | W304: =IF(B304="","",IF(COUNTIFS('سجل التحفيز'!$AC$5:$AC$2004,">0",'سجل التحفيز'!$B$5:$B$2004,B304)>0,COUNT(W$4:W303)+1,"")) | X304: =IF(B304="","",IF(COUNTIFS('سجل التحفيز'!$AD$5:$AD$2004,">0",'سجل التحفيز'!$B$5:$B$2004,B304)>0,COUNT(X$4:X303)+1,"")) | Y304: =IF(B304="","",IF(COUNTIFS('سجل التحفيز'!$AE$5:$AE$2004,">0",'سجل التحفيز'!$B$5:$B$2004,B304)>0,COUNT(Y$4:Y303)+1,""))

Sheet تقرير الفصل الأول
A1: تقرير الفصل الأول
A2: يشمل: سبتمبر – أكتوبر – نوفمبر – ديسمبر — للسنة الدراسية الحالية (الخلية C4).
B4: السنة الدراسية | C4: =الإعدادات!$B$4 | E4: ="فترة التقرير: "&IF(C5="سنوي","السنة الدراسية "&C4,IF(C5="شهري","شهر "&C6&" — "&C4,C7&" — "&C4))
B5: نوع التقرير | C5: فصلي
B6: الشهر | C6: — | E6: ="مديرة المدرسة: "&الإعدادات!$B$39&" · النائبة الأكاديمية: "&الإعدادات!$B$40&" · النائبة الإدارية: "&الإعدادات!$B$41
B7: الفصل الدراسي | C7: الفصل الأول
B9: عدد التكريمات | C9: موظفات مُكرَّمات | D9: معايير ذهبية | E9: معايير أساسية | F9: القيمة المادية (ر.ق) | G9: مستحقات أمري تدللي (السنة)
B10: =COUNT('سجل التحفيز'!$U$5:$U$2004) | C10: =COUNT(الموظفات!$O$5:$O$304) | D10: =COUNTIFS('سجل التحفيز'!$U$5:$U$2004,">0",'سجل التحفيز'!$D$5:$D$2004,"ذهبي") | E10: =COUNTIFS('سجل التحفيز'!$U$5:$U$2004,">0",'سجل التحفيز'!$D$5:$D$2004,"أساسي") | F10: =SUMIFS('سجل التحفيز'!$G$5:$G$2004,'سجل التحفيز'!$U$5:$U$2004,">0") | G10: =COUNTIF(الموظفات!$L$5:$L$304,"مستحقة ★")
B12: التكريمات حسب المجال
B13: المجال | C13: أساسي | D13: ذهبي | E13: الإجمالي | F13: القيمة (ر.ق)
B14: =الإعدادات!A7 | C14: =COUNTIFS('سجل التحفيز'!$U$5:$U$2004,">0",'سجل التحفيز'!$C$5:$C$2004,B14,'سجل التحفيز'!$D$5:$D$2004,"أساسي") | D14: =COUNTIFS('سجل التحفيز'!$U$5:$U$2004,">0",'سجل التحفيز'!$C$5:$C$2004,B14,'سجل التحفيز'!$D$5:$D$2004,"ذهبي") | E14: =C14+D14 | F14: =SUMIFS('سجل التحفيز'!$G$5:$G$2004,'سجل التحفيز'!$U$5:$U$2004,">0",'سجل التحفيز'!$C$5:$C$2004,B14)
B15: =الإعدادات!A8 | C15: =COUNTIFS('سجل التحفيز'!$U$5:$U$2004,">0",'سجل التحفيز'!$C$5:$C$2004,B15,'سجل التحفيز'!$D$5:$D$2004,"أساسي") | D15: =COUNTIFS('سجل التحفيز'!$U$5:$U$2004,">0",'سجل التحفيز'!$C$5:$C$2004,B15,'سجل التحفيز'!$D$5:$D$2004,"ذهبي") | E15: =C15+D15 | F15: =SUMIFS('سجل التحفيز'!$G$5:$G$2004,'سجل التحفيز'!$U$5:$U$2004,">0",'سجل التحفيز'!$C$5:$C$2004,B15)
B16: =الإعدادات!A9 | C16: =COUNTIFS('سجل التحفيز'!$U$5:$U$2004,">0",'سجل التحفيز'!$C$5:$C$2004,B16,'سجل التحفيز'!$D$5:$D$2004,"أساسي") | D16: =COUNTIFS('سجل التحفيز'!$U$5:$U$2004,">0",'سجل التحفيز'!$C$5:$C$2004,B16,'سجل التحفيز'!$D$5:$D$2004,"ذهبي") | E16: =C16+D16 | F16: =SUMIFS('سجل التحفيز'!$G$5:$G$2004,'سجل التحفيز'!$U$5:$U$2004,">0",'سجل التحفيز'!$C$5:$C$2004,B16)
B17: =الإعدادات!A10 | C17: =COUNTIFS('سجل التحفيز'!$U$5:$U$2004,">0",'سجل التحفيز'!$C$5:$C$2004,B17,'سجل التحفيز'!$D$5:$D$2004,"أساسي") | D17: =COUNTIFS('سجل التحفيز'!$U$5:$U$2004,">0",'سجل التحفيز'!$C$5:$C$2004,B17,'سجل التحفيز'!$D$5:$D$2004,"ذهبي") | E17: =C17+D17 | F17: =SUMIFS('سجل التحفيز'!$G$5:$G$2004,'سجل التحفيز'!$U$5:$U$2004,">0",'سجل التحفيز'!$C$5:$C$2004,B17)
B18: =الإعدادات!A11 | C18: =COUNTIFS('سجل التحفيز'!$U$5:$U$2004,">0",'سجل التحفيز'!$C$5:$C$2004,B18,'سجل التحفيز'!$D$5:$D$2004,"أساسي") | D18: =COUNTIFS('سجل التحفيز'!$U$5:$U$2004,">0",'سجل التحفيز'!$C$5:$C$2004,B18,'سجل التحفيز'!$D$5:$D$2004,"ذهبي") | E18: =C18+D18 | F18: =SUMIFS('سجل التحفيز'!$G$5:$G$2004,'سجل التحفيز'!$U$5:$U$2004,">0",'سجل التحفيز'!$C$5:$C$2004,B18)
B19: =الإعدادات!A12 | C19: =COUNTIFS('سجل التحفيز'!$U$5:$U$2004,">0",'سجل التحفيز'!$C$5:$C$2004,B19,'سجل التحفيز'!$D$5:$D$2004,"أساسي") | D19: =COUNTIFS('سجل التحفيز'!$U$5:$U$2004,">0",'سجل التحفيز'!$C$5:$C$2004,B19,'سجل التحفيز'!$D$5:$D$2004,"ذهبي") | E19: =C19+D19 | F19: =SUMIFS('سجل التحفيز'!$G$5:$G$2004,'سجل التحفيز'!$U$5:$U$2004,">0",'سجل التحفيز'!$C$5:$C$2004,B19)
B20: =الإعدادات!A13 | C20: =COUNTIFS('سجل التحفيز'!$U$5:$U$2004,">0",'سجل التحفيز'!$C$5:$C$2004,B20,'سجل التحفيز'!$D$5:$D$2004,"أساسي") | D20: =COUNTIFS('سجل التحفيز'!$U$5:$U$2004,">0",'سجل التحفيز'!$C$5:$C$2004,B20,'سجل التحفيز'!$D$5:$D$2004,"ذهبي") | E20: =C20+D20 | F20: =SUMIFS('سجل التحفيز'!$G$5:$G$2004,'سجل التحفيز'!$U$5:$U$2004,">0",'سجل التحفيز'!$C$5:$C$2004,B20)
B21: =الإعدادات!A14 | C21: =COUNTIFS('سجل التحفيز'!$U$5:$U$2004,">0",'سجل التحفيز'!$C$5:$C$2004,B21,'سجل التحفيز'!$D$5:$D$2004,"أساسي") | D21: =COUNTIFS('سجل التحفيز'!$U$5:$U$2004,">0",'سجل التحفيز'!$C$5:$C$2004,B21,'سجل التحفيز'!$D$5:$D$2004,"ذهبي") | E21: =C21+D21 | F21: =SUMIFS('سجل التحفيز'!$G$5:$G$2004,'سجل التحفيز'!$U$5:$U$2004,">0",'سجل التحفيز'!$C$5:$C$2004,B21)
B22: =الإعدادات!A15 | C22: =COUNTIFS('سجل التحفيز'!$U$5:$U$2004,">0",'سجل التحفيز'!$C$5:$C$2004,B22,'سجل التحفيز'!$D$5:$D$2004,"أساسي") | D22: =COUNTIFS('سجل التحفيز'!$U$5:$U$2004,">0",'سجل التحفيز'!$C$5:$C$2004,B22,'سجل التحفيز'!$D$5:$D$2004,"ذهبي") | E22: =C22+D22 | F22: =SUMIFS('سجل التحفيز'!$G$5:$G$2004,'سجل التحفيز'!$U$5:$U$2004,">0",'سجل التحفيز'!$C$5:$C$2004,B22)
B23: =الإعدادات!A16 | C23: =COUNTIFS('سجل التحفيز'!$U$5:$U$2004,">0",'سجل التحفيز'!$C$5:$C$2004,B23,'سجل التحفيز'!$D$5:$D$2004,"أساسي") | D23: =COUNTIFS('سجل التحفيز'!$U$5:$U$2004,">0",'سجل التحفيز'!$C$5:$C$2004,B23,'سجل التحفيز'!$D$5:$D$2004,"ذهبي") | E23: =C23+D23 | F23: =SUMIFS('سجل التحفيز'!$G$5:$G$2004,'سجل التحفيز'!$U$5:$U$2004,">0",'سجل التحفيز'!$C$5:$C$2004,B23)
B24: =الإعدادات!A17 | C24: =COUNTIFS('سجل التحفيز'!$U$5:$U$2004,">0",'سجل التحفيز'!$C$5:$C$2004,B24,'سجل التحفيز'!$D$5:$D$2004,"أساسي") | D24: =COUNTIFS('سجل التحفيز'!$U$5:$U$2004,">0",'سجل التحفيز'!$C$5:$C$2004,B24,'سجل التحفيز'!$D$5:$D$2004,"ذهبي") | E24: =C24+D24 | F24: =SUMIFS('سجل التحفيز'!$G$5:$G$2004,'سجل التحفيز'!$U$5:$U$2004,">0",'سجل التحفيز'!$C$5:$C$2004,B24)
B25: =الإعدادات!A18 | C25: =COUNTIFS('سجل التحفيز'!$U$5:$U$2004,">0",'سجل التحفيز'!$C$5:$C$2004,B25,'سجل التحفيز'!$D$5:$D$2004,"أساسي") | D25: =COUNTIFS('سجل التحفيز'!$U$5:$U$2004,">0",'سجل التحفيز'!$C$5:$C$2004,B25,'سجل التحفيز'!$D$5:$D$2004,"ذهبي") | E25: =C25+D25 | F25: =SUMIFS('سجل التحفيز'!$G$5:$G$2004,'سجل التحفيز'!$U$5:$U$2004,">0",'سجل التحفيز'!$C$5:$C$2004,B25)
... B32: =الإعدادات!A25 | C32: =COUNTIFS('سجل التحفيز'!$U$5:$U$2004,">0",'سجل التحفيز'!$C$5:$C$2004,B32,'سجل التحفيز'!$D$5:$D$2004,"أساسي") | D32: =COUNTIFS('سجل التحفيز'!$U$5:$U$2004,">0",'سجل التحفيز'!$C$5:$C$2004,B32,'سجل التحفيز'!$D$5:$D$2004,"ذهبي") | E32: =C32+D32 | F32: =SUMIFS('سجل التحفيز'!$G$5:$G$2004,'سجل التحفيز'!$U$5:$U$2004,">0",'سجل التحفيز'!$C$5:$C$2004,B32)
B33: الإجمالي | C33: =SUM(C14:C32) | D33: =SUM(D14:D32) | E33: =SUM(E14:E32) | F33: =SUM(F14:F32)
B36: التكريمات حسب الشهر
B37: الشهر | C37: أساسي | D37: ذهبي | E37: الإجمالي | F37: القيمة (ر.ق)
B38: سبتمبر | C38: =COUNTIFS('سجل التحفيز'!$U$5:$U$2004,">0",'سجل التحفيز'!$P$5:$P$2004,B38,'سجل التحفيز'!$D$5:$D$2004,"أساسي") | D38: =COUNTIFS('سجل التحفيز'!$U$5:$U$2004,">0",'سجل التحفيز'!$P$5:$P$2004,B38,'سجل التحفيز'!$D$5:$D$2004,"ذهبي") | E38: =C38+D38 | F38: =SUMIFS('سجل التحفيز'!$G$5:$G$2004,'سجل التحفيز'!$U$5:$U$2004,">0",'سجل التحفيز'!$P$5:$P$2004,B38)
B39: أكتوبر | C39: =COUNTIFS('سجل التحفيز'!$U$5:$U$2004,">0",'سجل التحفيز'!$P$5:$P$2004,B39,'سجل التحفيز'!$D$5:$D$2004,"أساسي") | D39: =COUNTIFS('سجل التحفيز'!$U$5:$U$2004,">0",'سجل التحفيز'!$P$5:$P$2004,B39,'سجل التحفيز'!$D$5:$D$2004,"ذهبي") | E39: =C39+D39 | F39: =SUMIFS('سجل التحفيز'!$G$5:$G$2004,'سجل التحفيز'!$U$5:$U$2004,">0",'سجل التحفيز'!$P$5:$P$2004,B39)
B40: نوفمبر | C40: =COUNTIFS('سجل التحفيز'!$U$5:$U$2004,">0",'سجل التحفيز'!$P$5:$P$2004,B40,'سجل التحفيز'!$D$5:$D$2004,"أساسي") | D40: =COUNTIFS('سجل التحفيز'!$U$5:$U$2004,">0",'سجل التحفيز'!$P$5:$P$2004,B40,'سجل التحفيز'!$D$5:$D$2004,"ذهبي") | E40: =C40+D40 | F40: =SUMIFS('سجل التحفيز'!$G$5:$G$2004,'سجل التحفيز'!$U$5:$U$2004,">0",'سجل التحفيز'!$P$5:$P$2004,B40)
B41: ديسمبر | C41: =COUNTIFS('سجل التحفيز'!$U$5:$U$2004,">0",'سجل التحفيز'!$P$5:$P$2004,B41,'سجل التحفيز'!$D$5:$D$2004,"أساسي") | D41: =COUNTIFS('سجل التحفيز'!$U$5:$U$2004,">0",'سجل التحفيز'!$P$5:$P$2004,B41,'سجل التحفيز'!$D$5:$D$2004,"ذهبي") | E41: =C41+D41 | F41: =SUMIFS('سجل التحفيز'!$G$5:$G$2004,'سجل التحفيز'!$U$5:$U$2004,">0",'سجل التحفيز'!$P$5:$P$2004,B41)
B42: الإجمالي | C42: =SUM(C38:C41) | D42: =SUM(D38:D41) | E42: =SUM(E38:E41) | F42: =SUM(F38:F41)
B52: الموظفات المُكرَّمات ضمن فترة التقرير | K52: تفاصيل التكريمات ضمن فترة التقرير
B53: اسم الموظفة | C53: القسم | D53: عدد التكريمات | E53: معايير ذهبية | F53: القيمة (ر.ق) | G53: الترتيب | H53: أمري تدللي (السنة) | K53: م | L53: التاريخ | M53: اسم الموظفة | N53: القسم | O53: المجال | P53: المستوى | Q53: المعيار المحقق | R53: المكافأة الممنوحة | S53: القيمة (ر.ق)
B54: =IFERROR(INDEX(الموظفات!$B$5:$B$304,MATCH(1,الموظفات!$O$5:$O$304,0)),"") | C54: =IF(B54="","",INDEX(الموظفات!$D$5:$D$304,MATCH(B54,الموظفات!$B$5:$B$304,0))&"") | D54: =IF(B54="","",COUNTIFS('سجل التحفيز'!$U$5:$U$2004,">0",'سجل التحفيز'!$B$5:$B$2004,B54)) | E54: =IF(B54="","",COUNTIFS('سجل التحفيز'!$U$5:$U$2004,">0",'سجل التحفيز'!$B$5:$B$2004,B54,'سجل التحفيز'!$D$5:$D$2004,"ذهبي")) | F54: =IF(B54="","",SUMIFS('سجل التحفيز'!$G$5:$G$2004,'سجل التحفيز'!$U$5:$U$2004,">0",'سجل التحفيز'!$B$5:$B$2004,B54)) | G54: =IF(B54="","",COUNTIF($D$54:$D$203,">"&D54)+1) | H54: =IF(B54="","",INDEX(الموظفات!$L$5:$L$304,MATCH(B54,الموظفات!$B$5:$B$304,0))) | K54: =IF(1>$B$10,"",1) | L54: =IF($K54="","",INDEX('سجل التحفيز'!$A$5:$A$2004,MATCH($K54,'سجل التحفيز'!$U$5:$U$2004,0))) | M54: =IF($K54="","",INDEX('سجل التحفيز'!$B$5:$B$2004,MATCH($K54,'سجل التحفيز'!$U$5:$U$2004,0))) | N54: =IF($K54="","",INDEX('سجل التحفيز'!$M$5:$M$2004,MATCH($K54,'سجل التحفيز'!$U$5:$U$2004,0))) | O54: =IF($K54="","",INDEX('سجل التحفيز'!$C$5:$C$2004,MATCH($K54,'سجل التحفيز'!$U$5:$U$2004,0))) | P54: =IF($K54="","",INDEX('سجل التحفيز'!$D$5:$D$2004,MATCH($K54,'سجل التحفيز'!$U$5:$U$2004,0))) | Q54: =IF($K54="","",INDEX('سجل التحفيز'!$E$5:$E$2004,MATCH($K54,'سجل التحفيز'!$U$5:$U$2004,0))) | R54: =IF($K54="","",INDEX('سجل التحفيز'!$F$5:$F$2004,MATCH($K54,'سجل التحفيز'!$U$5:$U$2004,0))) | S54: =IF($K54="","",INDEX('سجل التحفيز'!$G$5:$G$2004,MATCH($K54,'سجل التحفيز'!$U$5:$U$2004,0)))
B55: =IFERROR(INDEX(الموظفات!$B$5:$B$304,MATCH(2,الموظفات!$O$5:$O$304,0)),"") | C55: =IF(B55="","",INDEX(الموظفات!$D$5:$D$304,MATCH(B55,الموظفات!$B$5:$B$304,0))&"") | D55: =IF(B55="","",COUNTIFS('سجل التحفيز'!$U$5:$U$2004,">0",'سجل التحفيز'!$B$5:$B$2004,B55)) | E55: =IF(B55="","",COUNTIFS('سجل التحفيز'!$U$5:$U$2004,">0",'سجل التحفيز'!$B$5:$B$2004,B55,'سجل التحفيز'!$D$5:$D$2004,"ذهبي")) | F55: =IF(B55="","",SUMIFS('سجل التحفيز'!$G$5:$G$2004,'سجل التحفيز'!$U$5:$U$2004,">0",'سجل التحفيز'!$B$5:$B$2004,B55)) | G55: =IF(B55="","",COUNTIF($D$54:$D$203,">"&D55)+1) | H55: =IF(B55="","",INDEX(الموظفات!$L$5:$L$304,MATCH(B55,الموظفات!$B$5:$B$304,0))) | K55: =IF(2>$B$10,"",2) | L55: =IF($K55="","",INDEX('سجل التحفيز'!$A$5:$A$2004,MATCH($K55,'سجل التحفيز'!$U$5:$U$2004,0))) | M55: =IF($K55="","",INDEX('سجل التحفيز'!$B$5:$B$2004,MATCH($K55,'سجل التحفيز'!$U$5:$U$2004,0))) | N55: =IF($K55="","",INDEX('سجل التحفيز'!$M$5:$M$2004,MATCH($K55,'سجل التحفيز'!$U$5:$U$2004,0))) | O55: =IF($K55="","",INDEX('سجل التحفيز'!$C$5:$C$2004,MATCH($K55,'سجل التحفيز'!$U$5:$U$2004,0))) | P55: =IF($K55="","",INDEX('سجل التحفيز'!$D$5:$D$2004,MATCH($K55,'سجل التحفيز'!$U$5:$U$2004,0))) | Q55: =IF($K55="","",INDEX('سجل التحفيز'!$E$5:$E$2004,MATCH($K55,'سجل التحفيز'!$U$5:$U$2004,0))) | R55: =IF($K55="","",INDEX('سجل التحفيز'!$F$5:$F$2004,MATCH($K55,'سجل التحفيز'!$U$5:$U$2004,0))) | S55: =IF($K55="","",INDEX('سجل التحفيز'!$G$5:$G$2004,MATCH($K55,'سجل التحفيز'!$U$5:$U$2004,0)))
B56: =IFERROR(INDEX(الموظفات!$B$5:$B$304,MATCH(3,الموظفات!$O$5:$O$304,0)),"") | C56: =IF(B56="","",INDEX(الموظفات!$D$5:$D$304,MATCH(B56,الموظفات!$B$5:$B$304,0))&"") | D56: =IF(B56="","",COUNTIFS('سجل التحفيز'!$U$5:$U$2004,">0",'سجل التحفيز'!$B$5:$B$2004,B56)) | E56: =IF(B56="","",COUNTIFS('سجل التحفيز'!$U$5:$U$2004,">0",'سجل التحفيز'!$B$5:$B$2004,B56,'سجل التحفيز'!$D$5:$D$2004,"ذهبي")) | F56: =IF(B56="","",SUMIFS('سجل التحفيز'!$G$5:$G$2004,'سجل التحفيز'!$U$5:$U$2004,">0",'سجل التحفيز'!$B$5:$B$2004,B56)) | G56: =IF(B56="","",COUNTIF($D$54:$D$203,">"&D56)+1) | H56: =IF(B56="","",INDEX(الموظفات!$L$5:$L$304,MATCH(B56,الموظفات!$B$5:$B$304,0))) | K56: =IF(3>$B$10,"",3) | L56: =IF($K56="","",INDEX('سجل التحفيز'!$A$5:$A$2004,MATCH($K56,'سجل التحفيز'!$U$5:$U$2004,0))) | M56: =IF($K56="","",INDEX('سجل التحفيز'!$B$5:$B$2004,MATCH($K56,'سجل التحفيز'!$U$5:$U$2004,0))) | N56: =IF($K56="","",INDEX('سجل التحفيز'!$M$5:$M$2004,MATCH($K56,'سجل التحفيز'!$U$5:$U$2004,0))) | O56: =IF($K56="","",INDEX('سجل التحفيز'!$C$5:$C$2004,MATCH($K56,'سجل التحفيز'!$U$5:$U$2004,0))) | P56: =IF($K56="","",INDEX('سجل التحفيز'!$D$5:$D$2004,MATCH($K56,'سجل التحفيز'!$U$5:$U$2004,0))) | Q56: =IF($K56="","",INDEX('سجل التحفيز'!$E$5:$E$2004,MATCH($K56,'سجل التحفيز'!$U$5:$U$2004,0))) | R56: =IF($K56="","",INDEX('سجل التحفيز'!$F$5:$F$2004,MATCH($K56,'سجل التحفيز'!$U$5:$U$2004,0))) | S56: =IF($K56="","",INDEX('سجل التحفيز'!$G$5:$G$2004,MATCH($K56,'سجل التحفيز'!$U$5:$U$2004,0)))
B57: =IFERROR(INDEX(الموظفات!$B$5:$B$304,MATCH(4,الموظفات!$O$5:$O$304,0)),"") | C57: =IF(B57="","",INDEX(الموظفات!$D$5:$D$304,MATCH(B57,الموظفات!$B$5:$B$304,0))&"") | D57: =IF(B57="","",COUNTIFS('سجل التحفيز'!$U$5:$U$2004,">0",'سجل التحفيز'!$B$5:$B$2004,B57)) | E57: =IF(B57="","",COUNTIFS('سجل التحفيز'!$U$5:$U$2004,">0",'سجل التحفيز'!$B$5:$B$2004,B57,'سجل التحفيز'!$D$5:$D$2004,"ذهبي")) | F57: =IF(B57="","",SUMIFS('سجل التحفيز'!$G$5:$G$2004,'سجل التحفيز'!$U$5:$U$2004,">0",'سجل التحفيز'!$B$5:$B$2004,B57)) | G57: =IF(B57="","",COUNTIF($D$54:$D$203,">"&D57)+1) | H57: =IF(B57="","",INDEX(الموظفات!$L$5:$L$304,MATCH(B57,الموظفات!$B$5:$B$304,0))) | K57: =IF(4>$B$10,"",4) | L57: =IF($K57="","",INDEX('سجل التحفيز'!$A$5:$A$2004,MATCH($K57,'سجل التحفيز'!$U$5:$U$2004,0))) | M57: =IF($K57="","",INDEX('سجل التحفيز'!$B$5:$B$2004,MATCH($K57,'سجل التحفيز'!$U$5:$U$2004,0))) | N57: =IF($K57="","",INDEX('سجل التحفيز'!$M$5:$M$2004,MATCH($K57,'سجل التحفيز'!$U$5:$U$2004,0))) | O57: =IF($K57="","",INDEX('سجل التحفيز'!$C$5:$C$2004,MATCH($K57,'سجل التحفيز'!$U$5:$U$2004,0))) | P57: =IF($K57="","",INDEX('سجل التحفيز'!$D$5:$D$2004,MATCH($K57,'سجل التحفيز'!$U$5:$U$2004,0))) | Q57: =IF($K57="","",INDEX('سجل التحفيز'!$E$5:$E$2004,MATCH($K57,'سجل التحفيز'!$U$5:$U$2004,0))) | R57: =IF($K57="","",INDEX('سجل التحفيز'!$F$5:$F$2004,MATCH($K57,'سجل التحفيز'!$U$5:$U$2004,0))) | S57: =IF($K57="","",INDEX('سجل التحفيز'!$G$5:$G$2004,MATCH($K57,'سجل التحفيز'!$U$5:$U$2004,0)))
B58: =IFERROR(INDEX(الموظفات!$B$5:$B$304,MATCH(5,الموظفات!$O$5:$O$304,0)),"") | C58: =IF(B58="","",INDEX(الموظفات!$D$5:$D$304,MATCH(B58,الموظفات!$B$5:$B$304,0))&"") | D58: =IF(B58="","",COUNTIFS('سجل التحفيز'!$U$5:$U$2004,">0",'سجل التحفيز'!$B$5:$B$2004,B58)) | E58: =IF(B58="","",COUNTIFS('سجل التحفيز'!$U$5:$U$2004,">0",'سجل التحفيز'!$B$5:$B$2004,B58,'سجل التحفيز'!$D$5:$D$2004,"ذهبي")) | F58: =IF(B58="","",SUMIFS('سجل التحفيز'!$G$5:$G$2004,'سجل التحفيز'!$U$5:$U$2004,">0",'سجل التحفيز'!$B$5:$B$2004,B58)) | G58: =IF(B58="","",COUNTIF($D$54:$D$203,">"&D58)+1) | H58: =IF(B58="","",INDEX(الموظفات!$L$5:$L$304,MATCH(B58,الموظفات!$B$5:$B$304,0))) | K58: =IF(5>$B$10,"",5) | L58: =IF($K58="","",INDEX('سجل التحفيز'!$A$5:$A$2004,MATCH($K58,'سجل التحفيز'!$U$5:$U$2004,0))) | M58: =IF($K58="","",INDEX('سجل التحفيز'!$B$5:$B$2004,MATCH($K58,'سجل التحفيز'!$U$5:$U$2004,0))) | N58: =IF($K58="","",INDEX('سجل التحفيز'!$M$5:$M$2004,MATCH($K58,'سجل التحفيز'!$U$5:$U$2004,0))) | O58: =IF($K58="","",INDEX('سجل التحفيز'!$C$5:$C$2004,MATCH($K58,'سجل التحفيز'!$U$5:$U$2004,0))) | P58: =IF($K58="","",INDEX('سجل التحفيز'!$D$5:$D$2004,MATCH($K58,'سجل التحفيز'!$U$5:$U$2004,0))) | Q58: =IF($K58="","",INDEX('سجل التحفيز'!$E$5:$E$2004,MATCH($K58,'سجل التحفيز'!$U$5:$U$2004,0))) | R58: =IF($K58="","",INDEX('سجل التحفيز'!$F$5:$F$2004,MATCH($K58,'سجل التحفيز'!$U$5:$U$2004,0))) | S58: =IF($K58="","",INDEX('سجل التحفيز'!$G$5:$G$2004,MATCH($K58,'سجل التحفيز'!$U$5:$U$2004,0)))
B59: =IFERROR(INDEX(الموظفات!$B$5:$B$304,MATCH(6,الموظفات!$O$5:$O$304,0)),"") | C59: =IF(B59="","",INDEX(الموظفات!$D$5:$D$304,MATCH(B59,الموظفات!$B$5:$B$304,0))&"") | D59: =IF(B59="","",COUNTIFS('سجل التحفيز'!$U$5:$U$2004,">0",'سجل التحفيز'!$B$5:$B$2004,B59)) | E59: =IF(B59="","",COUNTIFS('سجل التحفيز'!$U$5:$U$2004,">0",'سجل التحفيز'!$B$5:$B$2004,B59,'سجل التحفيز'!$D$5:$D$2004,"ذهبي")) | F59: =IF(B59="","",SUMIFS('سجل التحفيز'!$G$5:$G$2004,'سجل التحفيز'!$U$5:$U$2004,">0",'سجل التحفيز'!$B$5:$B$2004,B59)) | G59: =IF(B59="","",COUNTIF($D$54:$D$203,">"&D59)+1) | H59: =IF(B59="","",INDEX(الموظفات!$L$5:$L$304,MATCH(B59,الموظفات!$B$5:$B$304,0))) | K59: =IF(6>$B$10,"",6) | L59: =IF($K59="","",INDEX('سجل التحفيز'!$A$5:$A$2004,MATCH($K59,'سجل التحفيز'!$U$5:$U$2004,0))) | M59: =IF($K59="","",INDEX('سجل التحفيز'!$B$5:$B$2004,MATCH($K59,'سجل التحفيز'!$U$5:$U$2004,0))) | N59: =IF($K59="","",INDEX('سجل التحفيز'!$M$5:$M$2004,MATCH($K59,'سجل التحفيز'!$U$5:$U$2004,0))) | O59: =IF($K59="","",INDEX('سجل التحفيز'!$C$5:$C$2004,MATCH($K59,'سجل التحفيز'!$U$5:$U$2004,0))) | P59: =IF($K59="","",INDEX('سجل التحفيز'!$D$5:$D$2004,MATCH($K59,'سجل التحفيز'!$U$5:$U$2004,0))) | Q59: =IF($K59="","",INDEX('سجل التحفيز'!$E$5:$E$2004,MATCH($K59,'سجل التحفيز'!$U$5:$U$2004,0))) | R59: =IF($K59="","",INDEX('سجل التحفيز'!$F$5:$F$2004,MATCH($K59,'سجل التحفيز'!$U$5:$U$2004,0))) | S59: =IF($K59="","",INDEX('سجل التحفيز'!$G$5:$G$2004,MATCH($K59,'سجل التحفيز'!$U$5:$U$2004,0)))
B60: =IFERROR(INDEX(الموظفات!$B$5:$B$304,MATCH(7,الموظفات!$O$5:$O$304,0)),"") | C60: =IF(B60="","",INDEX(الموظفات!$D$5:$D$304,MATCH(B60,الموظفات!$B$5:$B$304,0))&"") | D60: =IF(B60="","",COUNTIFS('سجل التحفيز'!$U$5:$U$2004,">0",'سجل التحفيز'!$B$5:$B$2004,B60)) | E60: =IF(B60="","",COUNTIFS('سجل التحفيز'!$U$5:$U$2004,">0",'سجل التحفيز'!$B$5:$B$2004,B60,'سجل التحفيز'!$D$5:$D$2004,"ذهبي")) | F60: =IF(B60="","",SUMIFS('سجل التحفيز'!$G$5:$G$2004,'سجل التحفيز'!$U$5:$U$2004,">0",'سجل التحفيز'!$B$5:$B$2004,B60)) | G60: =IF(B60="","",COUNTIF($D$54:$D$203,">"&D60)+1) | H60: =IF(B60="","",INDEX(الموظفات!$L$5:$L$304,MATCH(B60,الموظفات!$B$5:$B$304,0))) | K60: =IF(7>$B$10,"",7) | L60: =IF($K60="","",INDEX('سجل التحفيز'!$A$5:$A$2004,MATCH($K60,'سجل التحفيز'!$U$5:$U$2004,0))) | M60: =IF($K60="","",INDEX('سجل التحفيز'!$B$5:$B$2004,MATCH($K60,'سجل التحفيز'!$U$5:$U$2004,0))) | N60: =IF($K60="","",INDEX('سجل التحفيز'!$M$5:$M$2004,MATCH($K60,'سجل التحفيز'!$U$5:$U$2004,0))) | O60: =IF($K60="","",INDEX('سجل التحفيز'!$C$5:$C$2004,MATCH($K60,'سجل التحفيز'!$U$5:$U$2004,0))) | P60: =IF($K60="","",INDEX('سجل التحفيز'!$D$5:$D$2004,MATCH($K60,'سجل التحفيز'!$U$5:$U$2004,0))) | Q60: =IF($K60="","",INDEX('سجل التحفيز'!$E$5:$E$2004,MATCH($K60,'سجل التحفيز'!$U$5:$U$2004,0))) | R60: =IF($K60="","",INDEX('سجل التحفيز'!$F$5:$F$2004,MATCH($K60,'سجل التحفيز'!$U$5:$U$2004,0))) | S60: =IF($K60="","",INDEX('سجل التحفيز'!$G$5:$G$2004,MATCH($K60,'سجل التحفيز'!$U$5:$U$2004,0)))
B61: =IFERROR(INDEX(الموظفات!$B$5:$B$304,MATCH(8,الموظفات!$O$5:$O$304,0)),"") | C61: =IF(B61="","",INDEX(الموظفات!$D$5:$D$304,MATCH(B61,الموظفات!$B$5:$B$304,0))&"") | D61: =IF(B61="","",COUNTIFS('سجل التحفيز'!$U$5:$U$2004,">0",'سجل التحفيز'!$B$5:$B$2004,B61)) | E61: =IF(B61="","",COUNTIFS('سجل التحفيز'!$U$5:$U$2004,">0",'سجل التحفيز'!$B$5:$B$2004,B61,'سجل التحفيز'!$D$5:$D$2004,"ذهبي")) | F61: =IF(B61="","",SUMIFS('سجل التحفيز'!$G$5:$G$2004,'سجل التحفيز'!$U$5:$U$2004,">0",'سجل التحفيز'!$B$5:$B$2004,B61)) | G61: =IF(B61="","",COUNTIF($D$54:$D$203,">"&D61)+1) | H61: =IF(B61="","",INDEX(الموظفات!$L$5:$L$304,MATCH(B61,الموظفات!$B$5:$B$304,0))) | K61: =IF(8>$B$10,"",8) | L61: =IF($K61="","",INDEX('سجل التحفيز'!$A$5:$A$2004,MATCH($K61,'سجل التحفيز'!$U$5:$U$2004,0))) | M61: =IF($K61="","",INDEX('سجل التحفيز'!$B$5:$B$2004,MATCH($K61,'سجل التحفيز'!$U$5:$U$2004,0))) | N61: =IF($K61="","",INDEX('سجل التحفيز'!$M$5:$M$2004,MATCH($K61,'سجل التحفيز'!$U$5:$U$2004,0))) | O61: =IF($K61="","",INDEX('سجل التحفيز'!$C$5:$C$2004,MATCH($K61,'سجل التحفيز'!$U$5:$U$2004,0))) | P61: =IF($K61="","",INDEX('سجل التحفيز'!$D$5:$D$2004,MATCH($K61,'سجل التحفيز'!$U$5:$U$2004,0))) | Q61: =IF($K61="","",INDEX('سجل التحفيز'!$E$5:$E$2004,MATCH($K61,'سجل التحفيز'!$U$5:$U$2004,0))) | R61: =IF($K61="","",INDEX('سجل التحفيز'!$F$5:$F$2004,MATCH($K61,'سجل التحفيز'!$U$5:$U$2004,0))) | S61: =IF($K61="","",INDEX('سجل التحفيز'!$G$5:$G$2004,MATCH($K61,'سجل التحفيز'!$U$5:$U$2004,0)))
B62: =IFERROR(INDEX(الموظفات!$B$5:$B$304,MATCH(9,الموظفات!$O$5:$O$304,0)),"") | C62: =IF(B62="","",INDEX(الموظفات!$D$5:$D$304,MATCH(B62,الموظفات!$B$5:$B$304,0))&"") | D62: =IF(B62="","",COUNTIFS('سجل التحفيز'!$U$5:$U$2004,">0",'سجل التحفيز'!$B$5:$B$2004,B62)) | E62: =IF(B62="","",COUNTIFS('سجل التحفيز'!$U$5:$U$2004,">0",'سجل التحفيز'!$B$5:$B$2004,B62,'سجل التحفيز'!$D$5:$D$2004,"ذهبي")) | F62: =IF(B62="","",SUMIFS('سجل التحفيز'!$G$5:$G$2004,'سجل التحفيز'!$U$5:$U$2004,">0",'سجل التحفيز'!$B$5:$B$2004,B62)) | G62: =IF(B62="","",COUNTIF($D$54:$D$203,">"&D62)+1) | H62: =IF(B62="","",INDEX(الموظفات!$L$5:$L$304,MATCH(B62,الموظفات!$B$5:$B$304,0))) | K62: =IF(9>$B$10,"",9) | L62: =IF($K62="","",INDEX('سجل التحفيز'!$A$5:$A$2004,MATCH($K62,'سجل التحفيز'!$U$5:$U$2004,0))) | M62: =IF($K62="","",INDEX('سجل التحفيز'!$B$5:$B$2004,MATCH($K62,'سجل التحفيز'!$U$5:$U$2004,0))) | N62: =IF($K62="","",INDEX('سجل التحفيز'!$M$5:$M$2004,MATCH($K62,'سجل التحفيز'!$U$5:$U$2004,0))) | O62: =IF($K62="","",INDEX('سجل التحفيز'!$C$5:$C$2004,MATCH($K62,'سجل التحفيز'!$U$5:$U$2004,0))) | P62: =IF($K62="","",INDEX('سجل التحفيز'!$D$5:$D$2004,MATCH($K62,'سجل التحفيز'!$U$5:$U$2004,0))) | Q62: =IF($K62="","",INDEX('سجل التحفيز'!$E$5:$E$2004,MATCH($K62,'سجل التحفيز'!$U$5:$U$2004,0))) | R62: =IF($K62="","",INDEX('سجل التحفيز'!$F$5:$F$2004,MATCH($K62,'سجل التحفيز'!$U$5:$U$2004,0))) | S62: =IF($K62="","",INDEX('سجل التحفيز'!$G$5:$G$2004,MATCH($K62,'سجل التحفيز'!$U$5:$U$2004,0)))
B63: =IFERROR(INDEX(الموظفات!$B$5:$B$304,MATCH(10,الموظفات!$O$5:$O$304,0)),"") | C63: =IF(B63="","",INDEX(الموظفات!$D$5:$D$304,MATCH(B63,الموظفات!$B$5:$B$304,0))&"") | D63: =IF(B63="","",COUNTIFS('سجل التحفيز'!$U$5:$U$2004,">0",'سجل التحفيز'!$B$5:$B$2004,B63)) | E63: =IF(B63="","",COUNTIFS('سجل التحفيز'!$U$5:$U$2004,">0",'سجل التحفيز'!$B$5:$B$2004,B63,'سجل التحفيز'!$D$5:$D$2004,"ذهبي")) | F63: =IF(B63="","",SUMIFS('سجل التحفيز'!$G$5:$G$2004,'سجل التحفيز'!$U$5:$U$2004,">0",'سجل التحفيز'!$B$5:$B$2004,B63)) | G63: =IF(B63="","",COUNTIF($D$54:$D$203,">"&D63)+1) | H63: =IF(B63="","",INDEX(الموظفات!$L$5:$L$304,MATCH(B63,الموظفات!$B$5:$B$304,0))) | K63: =IF(10>$B$10,"",10) | L63: =IF($K63="","",INDEX('سجل التحفيز'!$A$5:$A$2004,MATCH($K63,'سجل التحفيز'!$U$5:$U$2004,0))) | M63: =IF($K63="","",INDEX('سجل التحفيز'!$B$5:$B$2004,MATCH($K63,'سجل التحفيز'!$U$5:$U$2004,0))) | N63: =IF($K63="","",INDEX('سجل التحفيز'!$M$5:$M$2004,MATCH($K63,'سجل التحفيز'!$U$5:$U$2004,0))) | O63: =IF($K63="","",INDEX('سجل التحفيز'!$C$5:$C$2004,MATCH($K63,'سجل التحفيز'!$U$5:$U$2004,0))) | P63: =IF($K63="","",INDEX('سجل التحفيز'!$D$5:$D$2004,MATCH($K63,'سجل التحفيز'!$U$5:$U$2004,0))) | Q63: =IF($K63="","",INDEX('سجل التحفيز'!$E$5:$E$2004,MATCH($K63,'سجل التحفيز'!$U$5:$U$2004,0))) | R63: =IF($K63="","",INDEX('سجل التحفيز'!$F$5:$F$2004,MATCH($K63,'سجل التحفيز'!$U$5:$U$2004,0))) | S63: =IF($K63="","",INDEX('سجل التحفيز'!$G$5:$G$2004,MATCH($K63,'سجل التحفيز'!$U$5:$U$2004,0)))
B64: =IFERROR(INDEX(الموظفات!$B$5:$B$304,MATCH(11,الموظفات!$O$5:$O$304,0)),"") | C64: =IF(B64="","",INDEX(الموظفات!$D$5:$D$304,MATCH(B64,الموظفات!$B$5:$B$304,0))&"") | D64: =IF(B64="","",COUNTIFS('سجل التحفيز'!$U$5:$U$2004,">0",'سجل التحفيز'!$B$5:$B$2004,B64)) | E64: =IF(B64="","",COUNTIFS('سجل التحفيز'!$U$5:$U$2004,">0",'سجل التحفيز'!$B$5:$B$2004,B64,'سجل التحفيز'!$D$5:$D$2004,"ذهبي")) | F64: =IF(B64="","",SUMIFS('سجل التحفيز'!$G$5:$G$2004,'سجل التحفيز'!$U$5:$U$2004,">0",'سجل التحفيز'!$B$5:$B$2004,B64)) | G64: =IF(B64="","",COUNTIF($D$54:$D$203,">"&D64)+1) | H64: =IF(B64="","",INDEX(الموظفات!$L$5:$L$304,MATCH(B64,الموظفات!$B$5:$B$304,0))) | K64: =IF(11>$B$10,"",11) | L64: =IF($K64="","",INDEX('سجل التحفيز'!$A$5:$A$2004,MATCH($K64,'سجل التحفيز'!$U$5:$U$2004,0))) | M64: =IF($K64="","",INDEX('سجل التحفيز'!$B$5:$B$2004,MATCH($K64,'سجل التحفيز'!$U$5:$U$2004,0))) | N64: =IF($K64="","",INDEX('سجل التحفيز'!$M$5:$M$2004,MATCH($K64,'سجل التحفيز'!$U$5:$U$2004,0))) | O64: =IF($K64="","",INDEX('سجل التحفيز'!$C$5:$C$2004,MATCH($K64,'سجل التحفيز'!$U$5:$U$2004,0))) | P64: =IF($K64="","",INDEX('سجل التحفيز'!$D$5:$D$2004,MATCH($K64,'سجل التحفيز'!$U$5:$U$2004,0))) | Q64: =IF($K64="","",INDEX('سجل التحفيز'!$E$5:$E$2004,MATCH($K64,'سجل التحفيز'!$U$5:$U$2004,0))) | R64: =IF($K64="","",INDEX('سجل التحفيز'!$F$5:$F$2004,MATCH($K64,'سجل التحفيز'!$U$5:$U$2004,0))) | S64: =IF($K64="","",INDEX('سجل التحفيز'!$G$5:$G$2004,MATCH($K64,'سجل التحفيز'!$U$5:$U$2004,0)))
B65: =IFERROR(INDEX(الموظفات!$B$5:$B$304,MATCH(12,الموظفات!$O$5:$O$304,0)),"") | C65: =IF(B65="","",INDEX(الموظفات!$D$5:$D$304,MATCH(B65,الموظفات!$B$5:$B$304,0))&"") | D65: =IF(B65="","",COUNTIFS('سجل التحفيز'!$U$5:$U$2004,">0",'سجل التحفيز'!$B$5:$B$2004,B65)) | E65: =IF(B65="","",COUNTIFS('سجل التحفيز'!$U$5:$U$2004,">0",'سجل التحفيز'!$B$5:$B$2004,B65,'سجل التحفيز'!$D$5:$D$2004,"ذهبي")) | F65: =IF(B65="","",SUMIFS('سجل التحفيز'!$G$5:$G$2004,'سجل التحفيز'!$U$5:$U$2004,">0",'سجل التحفيز'!$B$5:$B$2004,B65)) | G65: =IF(B65="","",COUNTIF($D$54:$D$203,">"&D65)+1) | H65: =IF(B65="","",INDEX(الموظفات!$L$5:$L$304,MATCH(B65,الموظفات!$B$5:$B$304,0))) | K65: =IF(12>$B$10,"",12) | L65: =IF($K65="","",INDEX('سجل التحفيز'!$A$5:$A$2004,MATCH($K65,'سجل التحفيز'!$U$5:$U$2004,0))) | M65: =IF($K65="","",INDEX('سجل التحفيز'!$B$5:$B$2004,MATCH($K65,'سجل التحفيز'!$U$5:$U$2004,0))) | N65: =IF($K65="","",INDEX('سجل التحفيز'!$M$5:$M$2004,MATCH($K65,'سجل التحفيز'!$U$5:$U$2004,0))) | O65: =IF($K65="","",INDEX('سجل التحفيز'!$C$5:$C$2004,MATCH($K65,'سجل التحفيز'!$U$5:$U$2004,0))) | P65: =IF($K65="","",INDEX('سجل التحفيز'!$D$5:$D$2004,MATCH($K65,'سجل التحفيز'!$U$5:$U$2004,0))) | Q65: =IF($K65="","",INDEX('سجل التحفيز'!$E$5:$E$2004,MATCH($K65,'سجل التحفيز'!$U$5:$U$2004,0))) | R65: =IF($K65="","",INDEX('سجل التحفيز'!$F$5:$F$2004,MATCH($K65,'سجل التحفيز'!$U$5:$U$2004,0))) | S65: =IF($K65="","",INDEX('سجل التحفيز'!$G$5:$G$2004,MATCH($K65,'سجل التحفيز'!$U$5:$U$2004,0)))
B66: =IFERROR(INDEX(الموظفات!$B$5:$B$304,MATCH(13,الموظفات!$O$5:$O$304,0)),"") | C66: =IF(B66="","",INDEX(الموظفات!$D$5:$D$304,MATCH(B66,الموظفات!$B$5:$B$304,0))&"") | D66: =IF(B66="","",COUNTIFS('سجل التحفيز'!$U$5:$U$2004,">0",'سجل التحفيز'!$B$5:$B$2004,B66)) | E66: =IF(B66="","",COUNTIFS('سجل التحفيز'!$U$5:$U$2004,">0",'سجل التحفيز'!$B$5:$B$2004,B66,'سجل التحفيز'!$D$5:$D$2004,"ذهبي")) | F66: =IF(B66="","",SUMIFS('سجل التحفيز'!$G$5:$G$2004,'سجل التحفيز'!$U$5:$U$2004,">0",'سجل التحفيز'!$B$5:$B$2004,B66)) | G66: =IF(B66="","",COUNTIF($D$54:$D$203,">"&D66)+1) | H66: =IF(B66="","",INDEX(الموظفات!$L$5:$L$304,MATCH(B66,الموظفات!$B$5:$B$304,0))) | K66: =IF(13>$B$10,"",13) | L66: =IF($K66="","",INDEX('سجل التحفيز'!$A$5:$A$2004,MATCH($K66,'سجل التحفيز'!$U$5:$U$2004,0))) | M66: =IF($K66="","",INDEX('سجل التحفيز'!$B$5:$B$2004,MATCH($K66,'سجل التحفيز'!$U$5:$U$2004,0))) | N66: =IF($K66="","",INDEX('سجل التحفيز'!$M$5:$M$2004,MATCH($K66,'سجل التحفيز'!$U$5:$U$2004,0))) | O66: =IF($K66="","",INDEX('سجل التحفيز'!$C$5:$C$2004,MATCH($K66,'سجل التحفيز'!$U$5:$U$2004,0))) | P66: =IF($K66="","",INDEX('سجل التحفيز'!$D$5:$D$2004,MATCH($K66,'سجل التحفيز'!$U$5:$U$2004,0))) | Q66: =IF($K66="","",INDEX('سجل التحفيز'!$E$5:$E$2004,MATCH($K66,'سجل التحفيز'!$U$5:$U$2004,0))) | R66: =IF($K66="","",INDEX('سجل التحفيز'!$F$5:$F$2004,MATCH($K66,'سجل التحفيز'!$U$5:$U$2004,0))) | S66: =IF($K66="","",INDEX('سجل التحفيز'!$G$5:$G$2004,MATCH($K66,'سجل التحفيز'!$U$5:$U$2004,0)))
B67: =IFERROR(INDEX(الموظفات!$B$5:$B$304,MATCH(14,الموظفات!$O$5:$O$304,0)),"") | C67: =IF(B67="","",INDEX(الموظفات!$D$5:$D$304,MATCH(B67,الموظفات!$B$5:$B$304,0))&"") | D67: =IF(B67="","",COUNTIFS('سجل التحفيز'!$U$5:$U$2004,">0",'سجل التحفيز'!$B$5:$B$2004,B67)) | E67: =IF(B67="","",COUNTIFS('سجل التحفيز'!$U$5:$U$2004,">0",'سجل التحفيز'!$B$5:$B$2004,B67,'سجل التحفيز'!$D$5:$D$2004,"ذهبي")) | F67: =IF(B67="","",SUMIFS('سجل التحفيز'!$G$5:$G$2004,'سجل التحفيز'!$U$5:$U$2004,">0",'سجل التحفيز'!$B$5:$B$2004,B67)) | G67: =IF(B67="","",COUNTIF($D$54:$D$203,">"&D67)+1) | H67: =IF(B67="","",INDEX(الموظفات!$L$5:$L$304,MATCH(B67,الموظفات!$B$5:$B$304,0))) | K67: =IF(14>$B$10,"",14) | L67: =IF($K67="","",INDEX('سجل التحفيز'!$A$5:$A$2004,MATCH($K67,'سجل التحفيز'!$U$5:$U$2004,0))) | M67: =IF($K67="","",INDEX('سجل التحفيز'!$B$5:$B$2004,MATCH($K67,'سجل التحفيز'!$U$5:$U$2004,0))) | N67: =IF($K67="","",INDEX('سجل التحفيز'!$M$5:$M$2004,MATCH($K67,'سجل التحفيز'!$U$5:$U$2004,0))) | O67: =IF($K67="","",INDEX('سجل التحفيز'!$C$5:$C$2004,MATCH($K67,'سجل التحفيز'!$U$5:$U$2004,0))) | P67: =IF($K67="","",INDEX('سجل التحفيز'!$D$5:$D$2004,MATCH($K67,'سجل التحفيز'!$U$5:$U$2004,0))) | Q67: =IF($K67="","",INDEX('سجل التحفيز'!$E$5:$E$2004,MATCH($K67,'سجل التحفيز'!$U$5:$U$2004,0))) | R67: =IF($K67="","",INDEX('سجل التحفيز'!$F$5:$F$2004,MATCH($K67,'سجل التحفيز'!$U$5:$U$2004,0))) | S67: =IF($K67="","",INDEX('سجل التحفيز'!$G$5:$G$2004,MATCH($K67,'سجل التحفيز'!$U$5:$U$2004,0)))
B68: =IFERROR(INDEX(الموظفات!$B$5:$B$304,MATCH(15,الموظفات!$O$5:$O$304,0)),"") | C68: =IF(B68="","",INDEX(الموظفات!$D$5:$D$304,MATCH(B68,الموظفات!$B$5:$B$304,0))&"") | D68: =IF(B68="","",COUNTIFS('سجل التحفيز'!$U$5:$U$2004,">0",'سجل التحفيز'!$B$5:$B$2004,B68)) | E68: =IF(B68="","",COUNTIFS('سجل التحفيز'!$U$5:$U$2004,">0",'سجل التحفيز'!$B$5:$B$2004,B68,'سجل التحفيز'!$D$5:$D$2004,"ذهبي")) | F68: =IF(B68="","",SUMIFS('سجل التحفيز'!$G$5:$G$2004,'سجل التحفيز'!$U$5:$U$2004,">0",'سجل التحفيز'!$B$5:$B$2004,B68)) | G68: =IF(B68="","",COUNTIF($D$54:$D$203,">"&D68)+1) | H68: =IF(B68="","",INDEX(الموظفات!$L$5:$L$304,MATCH(B68,الموظفات!$B$5:$B$304,0))) | K68: =IF(15>$B$10,"",15) | L68: =IF($K68="","",INDEX('سجل التحفيز'!$A$5:$A$2004,MATCH($K68,'سجل التحفيز'!$U$5:$U$2004,0))) | M68: =IF($K68="","",INDEX('سجل التحفيز'!$B$5:$B$2004,MATCH($K68,'سجل التحفيز'!$U$5:$U$2004,0))) | N68: =IF($K68="","",INDEX('سجل التحفيز'!$M$5:$M$2004,MATCH($K68,'سجل التحفيز'!$U$5:$U$2004,0))) | O68: =IF($K68="","",INDEX('سجل التحفيز'!$C$5:$C$2004,MATCH($K68,'سجل التحفيز'!$U$5:$U$2004,0))) | P68: =IF($K68="","",INDEX('سجل التحفيز'!$D$5:$D$2004,MATCH($K68,'سجل التحفيز'!$U$5:$U$2004,0))) | Q68: =IF($K68="","",INDEX('سجل التحفيز'!$E$5:$E$2004,MATCH($K68,'سجل التحفيز'!$U$5:$U$2004,0))) | R68: =IF($K68="","",INDEX('سجل التحفيز'!$F$5:$F$2004,MATCH($K68,'سجل التحفيز'!$U$5:$U$2004,0))) | S68: =IF($K68="","",INDEX('سجل التحفيز'!$G$5:$G$2004,MATCH($K68,'سجل التحفيز'!$U$5:$U$2004,0)))
B69: =IFERROR(INDEX(الموظفات!$B$5:$B$304,MATCH(16,الموظفات!$O$5:$O$304,0)),"") | C69: =IF(B69="","",INDEX(الموظفات!$D$5:$D$304,MATCH(B69,الموظفات!$B$5:$B$304,0))&"") | D69: =IF(B69="","",COUNTIFS('سجل التحفيز'!$U$5:$U$2004,">0",'سجل التحفيز'!$B$5:$B$2004,B69)) | E69: =IF(B69="","",COUNTIFS('سجل التحفيز'!$U$5:$U$2004,">0",'سجل التحفيز'!$B$5:$B$2004,B69,'سجل التحفيز'!$D$5:$D$2004,"ذهبي")) | F69: =IF(B69="","",SUMIFS('سجل التحفيز'!$G$5:$G$2004,'سجل التحفيز'!$U$5:$U$2004,">0",'سجل التحفيز'!$B$5:$B$2004,B69)) | G69: =IF(B69="","",COUNTIF($D$54:$D$203,">"&D69)+1) | H69: =IF(B69="","",INDEX(الموظفات!$L$5:$L$304,MATCH(B69,الموظفات!$B$5:$B$304,0))) | K69: =IF(16>$B$10,"",16) | L69: =IF($K69="","",INDEX('سجل التحفيز'!$A$5:$A$2004,MATCH($K69,'سجل التحفيز'!$U$5:$U$2004,0))) | M69: =IF($K69="","",INDEX('سجل التحفيز'!$B$5:$B$2004,MATCH($K69,'سجل التحفيز'!$U$5:$U$2004,0))) | N69: =IF($K69="","",INDEX('سجل التحفيز'!$M$5:$M$2004,MATCH($K69,'سجل التحفيز'!$U$5:$U$2004,0))) | O69: =IF($K69="","",INDEX('سجل التحفيز'!$C$5:$C$2004,MATCH($K69,'سجل التحفيز'!$U$5:$U$2004,0))) | P69: =IF($K69="","",INDEX('سجل التحفيز'!$D$5:$D$2004,MATCH($K69,'سجل التحفيز'!$U$5:$U$2004,0))) | Q69: =IF($K69="","",INDEX('سجل التحفيز'!$E$5:$E$2004,MATCH($K69,'سجل التحفيز'!$U$5:$U$2004,0))) | R69: =IF($K69="","",INDEX('سجل التحفيز'!$F$5:$F$2004,MATCH($K69,'سجل التحفيز'!$U$5:$U$2004,0))) | S69: =IF($K69="","",INDEX('سجل التحفيز'!$G$5:$G$2004,MATCH($K69,'سجل التحفيز'!$U$5:$U$2004,0)))
B70: =IFERROR(INDEX(الموظفات!$B$5:$B$304,MATCH(17,الموظفات!$O$5:$O$304,0)),"") | C70: =IF(B70="","",INDEX(الموظفات!$D$5:$D$304,MATCH(B70,الموظفات!$B$5:$B$304,0))&"") | D70: =IF(B70="","",COUNTIFS('سجل التحفيز'!$U$5:$U$2004,">0",'سجل التحفيز'!$B$5:$B$2004,B70)) | E70: =IF(B70="","",COUNTIFS('سجل التحفيز'!$U$5:$U$2004,">0",'سجل التحفيز'!$B$5:$B$2004,B70,'سجل التحفيز'!$D$5:$D$2004,"ذهبي")) | F70: =IF(B70="","",SUMIFS('سجل التحفيز'!$G$5:$G$2004,'سجل التحفيز'!$U$5:$U$2004,">0",'سجل التحفيز'!$B$5:$B$2004,B70)) | G70: =IF(B70="","",COUNTIF($D$54:$D$203,">"&D70)+1) | H70: =IF(B70="","",INDEX(الموظفات!$L$5:$L$304,MATCH(B70,الموظفات!$B$5:$B$304,0))) | K70: =IF(17>$B$10,"",17) | L70: =IF($K70="","",INDEX('سجل التحفيز'!$A$5:$A$2004,MATCH($K70,'سجل التحفيز'!$U$5:$U$2004,0))) | M70: =IF($K70="","",INDEX('سجل التحفيز'!$B$5:$B$2004,MATCH($K70,'سجل التحفيز'!$U$5:$U$2004,0))) | N70: =IF($K70="","",INDEX('سجل التحفيز'!$M$5:$M$2004,MATCH($K70,'سجل التحفيز'!$U$5:$U$2004,0))) | O70: =IF($K70="","",INDEX('سجل التحفيز'!$C$5:$C$2004,MATCH($K70,'سجل التحفيز'!$U$5:$U$2004,0))) | P70: =IF($K70="","",INDEX('سجل التحفيز'!$D$5:$D$2004,MATCH($K70,'سجل التحفيز'!$U$5:$U$2004,0))) | Q70: =IF($K70="","",INDEX('سجل التحفيز'!$E$5:$E$2004,MATCH($K70,'سجل التحفيز'!$U$5:$U$2004,0))) | R70: =IF($K70="","",INDEX('سجل التحفيز'!$F$5:$F$2004,MATCH($K70,'سجل التحفيز'!$U$5:$U$2004,0))) | S70: =IF($K70="","",INDEX('سجل التحفيز'!$G$5:$G$2004,MATCH($K70,'سجل التحفيز'!$U$5:$U$2004,0)))
B71: =IFERROR(INDEX(الموظفات!$B$5:$B$304,MATCH(18,الموظفات!$O$5:$O$304,0)),"") | C71: =IF(B71="","",INDEX(الموظفات!$D$5:$D$304,MATCH(B71,الموظفات!$B$5:$B$304,0))&"") | D71: =IF(B71="","",COUNTIFS('سجل التحفيز'!$U$5:$U$2004,">0",'سجل التحفيز'!$B$5:$B$2004,B71)) | E71: =IF(B71="","",COUNTIFS('سجل التحفيز'!$U$5:$U$2004,">0",'سجل التحفيز'!$B$5:$B$2004,B71,'سجل التحفيز'!$D$5:$D$2004,"ذهبي")) | F71: =IF(B71="","",SUMIFS('سجل التحفيز'!$G$5:$G$2004,'سجل التحفيز'!$U$5:$U$2004,">0",'سجل التحفيز'!$B$5:$B$2004,B71)) | G71: =IF(B71="","",COUNTIF($D$54:$D$203,">"&D71)+1) | H71: =IF(B71="","",INDEX(الموظفات!$L$5:$L$304,MATCH(B71,الموظفات!$B$5:$B$304,0))) | K71: =IF(18>$B$10,"",18) | L71: =IF($K71="","",INDEX('سجل التحفيز'!$A$5:$A$2004,MATCH($K71,'سجل التحفيز'!$U$5:$U$2004,0))) | M71: =IF($K71="","",INDEX('سجل التحفيز'!$B$5:$B$2004,MATCH($K71,'سجل التحفيز'!$U$5:$U$2004,0))) | N71: =IF($K71="","",INDEX('سجل التحفيز'!$M$5:$M$2004,MATCH($K71,'سجل التحفيز'!$U$5:$U$2004,0))) | O71: =IF($K71="","",INDEX('سجل التحفيز'!$C$5:$C$2004,MATCH($K71,'سجل التحفيز'!$U$5:$U$2004,0))) | P71: =IF($K71="","",INDEX('سجل التحفيز'!$D$5:$D$2004,MATCH($K71,'سجل التحفيز'!$U$5:$U$2004,0))) | Q71: =IF($K71="","",INDEX('سجل التحفيز'!$E$5:$E$2004,MATCH($K71,'سجل التحفيز'!$U$5:$U$2004,0))) | R71: =IF($K71="","",INDEX('سجل التحفيز'!$F$5:$F$2004,MATCH($K71,'سجل التحفيز'!$U$5:$U$2004,0))) | S71: =IF($K71="","",INDEX('سجل التحفيز'!$G$5:$G$2004,MATCH($K71,'سجل التحفيز'!$U$5:$U$2004,0)))
B72: =IFERROR(INDEX(الموظفات!$B$5:$B$304,MATCH(19,الموظفات!$O$5:$O$304,0)),"") | C72: =IF(B72="","",INDEX(الموظفات!$D$5:$D$304,MATCH(B72,الموظفات!$B$5:$B$304,0))&"") | D72: =IF(B72="","",COUNTIFS('سجل التحفيز'!$U$5:$U$2004,">0",'سجل التحفيز'!$B$5:$B$2004,B72)) | E72: =IF(B72="","",COUNTIFS('سجل التحفيز'!$U$5:$U$2004,">0",'سجل التحفيز'!$B$5:$B$2004,B72,'سجل التحفيز'!$D$5:$D$2004,"ذهبي")) | F72: =IF(B72="","",SUMIFS('سجل التحفيز'!$G$5:$G$2004,'سجل التحفيز'!$U$5:$U$2004,">0",'سجل التحفيز'!$B$5:$B$2004,B72)) | G72: =IF(B72="","",COUNTIF($D$54:$D$203,">"&D72)+1) | H72: =IF(B72="","",INDEX(الموظفات!$L$5:$L$304,MATCH(B72,الموظفات!$B$5:$B$304,0))) | K72: =IF(19>$B$10,"",19) | L72: =IF($K72="","",INDEX('سجل التحفيز'!$A$5:$A$2004,MATCH($K72,'سجل التحفيز'!$U$5:$U$2004,0))) | M72: =IF($K72="","",INDEX('سجل التحفيز'!$B$5:$B$2004,MATCH($K72,'سجل التحفيز'!$U$5:$U$2004,0))) | N72: =IF($K72="","",INDEX('سجل التحفيز'!$M$5:$M$2004,MATCH($K72,'سجل التحفيز'!$U$5:$U$2004,0))) | O72: =IF($K72="","",INDEX('سجل التحفيز'!$C$5:$C$2004,MATCH($K72,'سجل التحفيز'!$U$5:$U$2004,0))) | P72: =IF($K72="","",INDEX('سجل التحفيز'!$D$5:$D$2004,MATCH($K72,'سجل التحفيز'!$U$5:$U$2004,0))) | Q72: =IF($K72="","",INDEX('سجل التحفيز'!$E$5:$E$2004,MATCH($K72,'سجل التحفيز'!$U$5:$U$2004,0))) | R72: =IF($K72="","",INDEX('سجل التحفيز'!$F$5:$F$2004,MATCH($K72,'سجل التحفيز'!$U$5:$U$2004,0))) | S72: =IF($K72="","",INDEX('سجل التحفيز'!$G$5:$G$2004,MATCH($K72,'سجل التحفيز'!$U$5:$U$2004,0)))
B73: =IFERROR(INDEX(الموظفات!$B$5:$B$304,MATCH(20,الموظفات!$O$5:$O$304,0)),"") | C73: =IF(B73="","",INDEX(الموظفات!$D$5:$D$304,MATCH(B73,الموظفات!$B$5:$B$304,0))&"") | D73: =IF(B73="","",COUNTIFS('سجل التحفيز'!$U$5:$U$2004,">0",'سجل التحفيز'!$B$5:$B$2004,B73)) | E73: =IF(B73="","",COUNTIFS('سجل التحفيز'!$U$5:$U$2004,">0",'سجل التحفيز'!$B$5:$B$2004,B73,'سجل التحفيز'!$D$5:$D$2004,"ذهبي")) | F73: =IF(B73="","",SUMIFS('سجل التحفيز'!$G$5:$G$2004,'سجل التحفيز'!$U$5:$U$2004,">0",'سجل التحفيز'!$B$5:$B$2004,B73)) | G73: =IF(B73="","",COUNTIF($D$54:$D$203,">"&D73)+1) | H73: =IF(B73="","",INDEX(الموظفات!$L$5:$L$304,MATCH(B73,الموظفات!$B$5:$B$304,0))) | K73: =IF(20>$B$10,"",20) | L73: =IF($K73="","",INDEX('سجل التحفيز'!$A$5:$A$2004,MATCH($K73,'سجل التحفيز'!$U$5:$U$2004,0))) | M73: =IF($K73="","",INDEX('سجل التحفيز'!$B$5:$B$2004,MATCH($K73,'سجل التحفيز'!$U$5:$U$2004,0))) | N73: =IF($K73="","",INDEX('سجل التحفيز'!$M$5:$M$2004,MATCH($K73,'سجل التحفيز'!$U$5:$U$2004,0))) | O73: =IF($K73="","",INDEX('سجل التحفيز'!$C$5:$C$2004,MATCH($K73,'سجل التحفيز'!$U$5:$U$2004,0))) | P73: =IF($K73="","",INDEX('سجل التحفيز'!$D$5:$D$2004,MATCH($K73,'سجل التحفيز'!$U$5:$U$2004,0))) | Q73: =IF($K73="","",INDEX('سجل التحفيز'!$E$5:$E$2004,MATCH($K73,'سجل التحفيز'!$U$5:$U$2004,0))) | R73: =IF($K73="","",INDEX('سجل التحفيز'!$F$5:$F$2004,MATCH($K73,'سجل التحفيز'!$U$5:$U$2004,0))) | S73: =IF($K73="","",INDEX('سجل التحفيز'!$G$5:$G$2004,MATCH($K73,'سجل التحفيز'!$U$5:$U$2004,0)))
B74: =IFERROR(INDEX(الموظفات!$B$5:$B$304,MATCH(21,الموظفات!$O$5:$O$304,0)),"") | C74: =IF(B74="","",INDEX(الموظفات!$D$5:$D$304,MATCH(B74,الموظفات!$B$5:$B$304,0))&"") | D74: =IF(B74="","",COUNTIFS('سجل التحفيز'!$U$5:$U$2004,">0",'سجل التحفيز'!$B$5:$B$2004,B74)) | E74: =IF(B74="","",COUNTIFS('سجل التحفيز'!$U$5:$U$2004,">0",'سجل التحفيز'!$B$5:$B$2004,B74,'سجل التحفيز'!$D$5:$D$2004,"ذهبي")) | F74: =IF(B74="","",SUMIFS('سجل التحفيز'!$G$5:$G$2004,'سجل التحفيز'!$U$5:$U$2004,">0",'سجل التحفيز'!$B$5:$B$2004,B74)) | G74: =IF(B74="","",COUNTIF($D$54:$D$203,">"&D74)+1) | H74: =IF(B74="","",INDEX(الموظفات!$L$5:$L$304,MATCH(B74,الموظفات!$B$5:$B$304,0))) | K74: =IF(21>$B$10,"",21) | L74: =IF($K74="","",INDEX('سجل التحفيز'!$A$5:$A$2004,MATCH($K74,'سجل التحفيز'!$U$5:$U$2004,0))) | M74: =IF($K74="","",INDEX('سجل التحفيز'!$B$5:$B$2004,MATCH($K74,'سجل التحفيز'!$U$5:$U$2004,0))) | N74: =IF($K74="","",INDEX('سجل التحفيز'!$M$5:$M$2004,MATCH($K74,'سجل التحفيز'!$U$5:$U$2004,0))) | O74: =IF($K74="","",INDEX('سجل التحفيز'!$C$5:$C$2004,MATCH($K74,'سجل التحفيز'!$U$5:$U$2004,0))) | P74: =IF($K74="","",INDEX('سجل التحفيز'!$D$5:$D$2004,MATCH($K74,'سجل التحفيز'!$U$5:$U$2004,0))) | Q74: =IF($K74="","",INDEX('سجل التحفيز'!$E$5:$E$2004,MATCH($K74,'سجل التحفيز'!$U$5:$U$2004,0))) | R74: =IF($K74="","",INDEX('سجل التحفيز'!$F$5:$F$2004,MATCH($K74,'سجل التحفيز'!$U$5:$U$2004,0))) | S74: =IF($K74="","",INDEX('سجل التحفيز'!$G$5:$G$2004,MATCH($K74,'سجل التحفيز'!$U$5:$U$2004,0)))
B75: =IFERROR(INDEX(الموظفات!$B$5:$B$304,MATCH(22,الموظفات!$O$5:$O$304,0)),"") | C75: =IF(B75="","",INDEX(الموظفات!$D$5:$D$304,MATCH(B75,الموظفات!$B$5:$B$304,0))&"") | D75: =IF(B75="","",COUNTIFS('سجل التحفيز'!$U$5:$U$2004,">0",'سجل التحفيز'!$B$5:$B$2004,B75)) | E75: =IF(B75="","",COUNTIFS('سجل التحفيز'!$U$5:$U$2004,">0",'سجل التحفيز'!$B$5:$B$2004,B75,'سجل التحفيز'!$D$5:$D$2004,"ذهبي")) | F75: =IF(B75="","",SUMIFS('سجل التحفيز'!$G$5:$G$2004,'سجل التحفيز'!$U$5:$U$2004,">0",'سجل التحفيز'!$B$5:$B$2004,B75)) | G75: =IF(B75="","",COUNTIF($D$54:$D$203,">"&D75)+1) | H75: =IF(B75="","",INDEX(الموظفات!$L$5:$L$304,MATCH(B75,الموظفات!$B$5:$B$304,0))) | K75: =IF(22>$B$10,"",22) | L75: =IF($K75="","",INDEX('سجل التحفيز'!$A$5:$A$2004,MATCH($K75,'سجل التحفيز'!$U$5:$U$2004,0))) | M75: =IF($K75="","",INDEX('سجل التحفيز'!$B$5:$B$2004,MATCH($K75,'سجل التحفيز'!$U$5:$U$2004,0))) | N75: =IF($K75="","",INDEX('سجل التحفيز'!$M$5:$M$2004,MATCH($K75,'سجل التحفيز'!$U$5:$U$2004,0))) | O75: =IF($K75="","",INDEX('سجل التحفيز'!$C$5:$C$2004,MATCH($K75,'سجل التحفيز'!$U$5:$U$2004,0))) | P75: =IF($K75="","",INDEX('سجل التحفيز'!$D$5:$D$2004,MATCH($K75,'سجل التحفيز'!$U$5:$U$2004,0))) | Q75: =IF($K75="","",INDEX('سجل التحفيز'!$E$5:$E$2004,MATCH($K75,'سجل التحفيز'!$U$5:$U$2004,0))) | R75: =IF($K75="","",INDEX('سجل التحفيز'!$F$5:$F$2004,MATCH($K75,'سجل التحفيز'!$U$5:$U$2004,0))) | S75: =IF($K75="","",INDEX('سجل التحفيز'!$G$5:$G$2004,MATCH($K75,'سجل التحفيز'!$U$5:$U$2004,0)))
B76: =IFERROR(INDEX(الموظفات!$B$5:$B$304,MATCH(23,الموظفات!$O$5:$O$304,0)),"") | C76: =IF(B76="","",INDEX(الموظفات!$D$5:$D$304,MATCH(B76,الموظفات!$B$5:$B$304,0))&"") | D76: =IF(B76="","",COUNTIFS('سجل التحفيز'!$U$5:$U$2004,">0",'سجل التحفيز'!$B$5:$B$2004,B76)) | E76: =IF(B76="","",COUNTIFS('سجل التحفيز'!$U$5:$U$2004,">0",'سجل التحفيز'!$B$5:$B$2004,B76,'سجل التحفيز'!$D$5:$D$2004,"ذهبي")) | F76: =IF(B76="","",SUMIFS('سجل التحفيز'!$G$5:$G$2004,'سجل التحفيز'!$U$5:$U$2004,">0",'سجل التحفيز'!$B$5:$B$2004,B76)) | G76: =IF(B76="","",COUNTIF($D$54:$D$203,">"&D76)+1) | H76: =IF(B76="","",INDEX(الموظفات!$L$5:$L$304,MATCH(B76,الموظفات!$B$5:$B$304,0))) | K76: =IF(23>$B$10,"",23) | L76: =IF($K76="","",INDEX('سجل التحفيز'!$A$5:$A$2004,MATCH($K76,'سجل التحفيز'!$U$5:$U$2004,0))) | M76: =IF($K76="","",INDEX('سجل التحفيز'!$B$5:$B$2004,MATCH($K76,'سجل التحفيز'!$U$5:$U$2004,0))) | N76: =IF($K76="","",INDEX('سجل التحفيز'!$M$5:$M$2004,MATCH($K76,'سجل التحفيز'!$U$5:$U$2004,0))) | O76: =IF($K76="","",INDEX('سجل التحفيز'!$C$5:$C$2004,MATCH($K76,'سجل التحفيز'!$U$5:$U$2004,0))) | P76: =IF($K76="","",INDEX('سجل التحفيز'!$D$5:$D$2004,MATCH($K76,'سجل التحفيز'!$U$5:$U$2004,0))) | Q76: =IF($K76="","",INDEX('سجل التحفيز'!$E$5:$E$2004,MATCH($K76,'سجل التحفيز'!$U$5:$U$2004,0))) | R76: =IF($K76="","",INDEX('سجل التحفيز'!$F$5:$F$2004,MATCH($K76,'سجل التحفيز'!$U$5:$U$2004,0))) | S76: =IF($K76="","",INDEX('سجل التحفيز'!$G$5:$G$2004,MATCH($K76,'سجل التحفيز'!$U$5:$U$2004,0)))
B77: =IFERROR(INDEX(الموظفات!$B$5:$B$304,MATCH(24,الموظفات!$O$5:$O$304,0)),"") | C77: =IF(B77="","",INDEX(الموظفات!$D$5:$D$304,MATCH(B77,الموظفات!$B$5:$B$304,0))&"") | D77: =IF(B77="","",COUNTIFS('سجل التحفيز'!$U$5:$U$2004,">0",'سجل التحفيز'!$B$5:$B$2004,B77)) | E77: =IF(B77="","",COUNTIFS('سجل التحفيز'!$U$5:$U$2004,">0",'سجل التحفيز'!$B$5:$B$2004,B77,'سجل التحفيز'!$D$5:$D$2004,"ذهبي")) | F77: =IF(B77="","",SUMIFS('سجل التحفيز'!$G$5:$G$2004,'سجل التحفيز'!$U$5:$U$2004,">0",'سجل التحفيز'!$B$5:$B$2004,B77)) | G77: =IF(B77="","",COUNTIF($D$54:$D$203,">"&D77)+1) | H77: =IF(B77="","",INDEX(الموظفات!$L$5:$L$304,MATCH(B77,الموظفات!$B$5:$B$304,0))) | K77: =IF(24>$B$10,"",24) | L77: =IF($K77="","",INDEX('سجل التحفيز'!$A$5:$A$2004,MATCH($K77,'سجل التحفيز'!$U$5:$U$2004,0))) | M77: =IF($K77="","",INDEX('سجل التحفيز'!$B$5:$B$2004,MATCH($K77,'سجل التحفيز'!$U$5:$U$2004,0))) | N77: =IF($K77="","",INDEX('سجل التحفيز'!$M$5:$M$2004,MATCH($K77,'سجل التحفيز'!$U$5:$U$2004,0))) | O77: =IF($K77="","",INDEX('سجل التحفيز'!$C$5:$C$2004,MATCH($K77,'سجل التحفيز'!$U$5:$U$2004,0))) | P77: =IF($K77="","",INDEX('سجل التحفيز'!$D$5:$D$2004,MATCH($K77,'سجل التحفيز'!$U$5:$U$2004,0))) | Q77: =IF($K77="","",INDEX('سجل التحفيز'!$E$5:$E$2004,MATCH($K77,'سجل التحفيز'!$U$5:$U$2004,0))) | R77: =IF($K77="","",INDEX('سجل التحفيز'!$F$5:$F$2004,MATCH($K77,'سجل التحفيز'!$U$5:$U$2004,0))) | S77: =IF($K77="","",INDEX('سجل التحفيز'!$G$5:$G$2004,MATCH($K77,'سجل التحفيز'!$U$5:$U$2004,0)))
B78: =IFERROR(INDEX(الموظفات!$B$5:$B$304,MATCH(25,الموظفات!$O$5:$O$304,0)),"") | C78: =IF(B78="","",INDEX(الموظفات!$D$5:$D$304,MATCH(B78,الموظفات!$B$5:$B$304,0))&"") | D78: =IF(B78="","",COUNTIFS('سجل التحفيز'!$U$5:$U$2004,">0",'سجل التحفيز'!$B$5:$B$2004,B78)) | E78: =IF(B78="","",COUNTIFS('سجل التحفيز'!$U$5:$U$2004,">0",'سجل التحفيز'!$B$5:$B$2004,B78,'سجل التحفيز'!$D$5:$D$2004,"ذهبي")) | F78: =IF(B78="","",SUMIFS('سجل التحفيز'!$G$5:$G$2004,'سجل التحفيز'!$U$5:$U$2004,">0",'سجل التحفيز'!$B$5:$B$2004,B78)) | G78: =IF(B78="","",COUNTIF($D$54:$D$203,">"&D78)+1) | H78: =IF(B78="","",INDEX(الموظفات!$L$5:$L$304,MATCH(B78,الموظفات!$B$5:$B$304,0))) | K78: =IF(25>$B$10,"",25) | L78: =IF($K78="","",INDEX('سجل التحفيز'!$A$5:$A$2004,MATCH($K78,'سجل التحفيز'!$U$5:$U$2004,0))) | M78: =IF($K78="","",INDEX('سجل التحفيز'!$B$5:$B$2004,MATCH($K78,'سجل التحفيز'!$U$5:$U$2004,0))) | N78: =IF($K78="","",INDEX('سجل التحفيز'!$M$5:$M$2004,MATCH($K78,'سجل التحفيز'!$U$5:$U$2004,0))) | O78: =IF($K78="","",INDEX('سجل التحفيز'!$C$5:$C$2004,MATCH($K78,'سجل التحفيز'!$U$5:$U$2004,0))) | P78: =IF($K78="","",INDEX('سجل التحفيز'!$D$5:$D$2004,MATCH($K78,'سجل التحفيز'!$U$5:$U$2004,0))) | Q78: =IF($K78="","",INDEX('سجل التحفيز'!$E$5:$E$2004,MATCH($K78,'سجل التحفيز'!$U$5:$U$2004,0))) | R78: =IF($K78="","",INDEX('سجل التحفيز'!$F$5:$F$2004,MATCH($K78,'سجل التحفيز'!$U$5:$U$2004,0))) | S78: =IF($K78="","",INDEX('سجل التحفيز'!$G$5:$G$2004,MATCH($K78,'سجل التحفيز'!$U$5:$U$2004,0)))
B79: =IFERROR(INDEX(الموظفات!$B$5:$B$304,MATCH(26,الموظفات!$O$5:$O$304,0)),"") | C79: =IF(B79="","",INDEX(الموظفات!$D$5:$D$304,MATCH(B79,الموظفات!$B$5:$B$304,0))&"") | D79: =IF(B79="","",COUNTIFS('سجل التحفيز'!$U$5:$U$2004,">0",'سجل التحفيز'!$B$5:$B$2004,B79)) | E79: =IF(B79="","",COUNTIFS('سجل التحفيز'!$U$5:$U$2004,">0",'سجل التحفيز'!$B$5:$B$2004,B79,'سجل التحفيز'!$D$5:$D$2004,"ذهبي")) | F79: =IF(B79="","",SUMIFS('سجل التحفيز'!$G$5:$G$2004,'سجل التحفيز'!$U$5:$U$2004,">0",'سجل التحفيز'!$B$5:$B$2004,B79)) | G79: =IF(B79="","",COUNTIF($D$54:$D$203,">"&D79)+1) | H79: =IF(B79="","",INDEX(الموظفات!$L$5:$L$304,MATCH(B79,الموظفات!$B$5:$B$304,0))) | K79: =IF(26>$B$10,"",26) | L79: =IF($K79="","",INDEX('سجل التحفيز'!$A$5:$A$2004,MATCH($K79,'سجل التحفيز'!$U$5:$U$2004,0))) | M79: =IF($K79="","",INDEX('سجل التحفيز'!$B$5:$B$2004,MATCH($K79,'سجل التحفيز'!$U$5:$U$2004,0))) | N79: =IF($K79="","",INDEX('سجل التحفيز'!$M$5:$M$2004,MATCH($K79,'سجل التحفيز'!$U$5:$U$2004,0))) | O79: =IF($K79="","",INDEX('سجل التحفيز'!$C$5:$C$2004,MATCH($K79,'سجل التحفيز'!$U$5:$U$2004,0))) | P79: =IF($K79="","",INDEX('سجل التحفيز'!$D$5:$D$2004,MATCH($K79,'سجل التحفيز'!$U$5:$U$2004,0))) | Q79: =IF($K79="","",INDEX('سجل التحفيز'!$E$5:$E$2004,MATCH($K79,'سجل التحفيز'!$U$5:$U$2004,0))) | R79: =IF($K79="","",INDEX('سجل التحفيز'!$F$5:$F$2004,MATCH($K79,'سجل التحفيز'!$U$5:$U$2004,0))) | S79: =IF($K79="","",INDEX('سجل التحفيز'!$G$5:$G$2004,MATCH($K79,'سجل التحفيز'!$U$5:$U$2004,0)))
B80: =IFERROR(INDEX(الموظفات!$B$5:$B$304,MATCH(27,الموظفات!$O$5:$O$304,0)),"") | C80: =IF(B80="","",INDEX(الموظفات!$D$5:$D$304,MATCH(B80,الموظفات!$B$5:$B$304,0))&"") | D80: =IF(B80="","",COUNTIFS('سجل التحفيز'!$U$5:$U$2004,">0",'سجل التحفيز'!$B$5:$B$2004,B80)) | E80: =IF(B80="","",COUNTIFS('سجل التحفيز'!$U$5:$U$2004,">0",'سجل التحفيز'!$B$5:$B$2004,B80,'سجل التحفيز'!$D$5:$D$2004,"ذهبي")) | F80: =IF(B80="","",SUMIFS('سجل التحفيز'!$G$5:$G$2004,'سجل التحفيز'!$U$5:$U$2004,">0",'سجل التحفيز'!$B$5:$B$2004,B80)) | G80: =IF(B80="","",COUNTIF($D$54:$D$203,">"&D80)+1) | H80: =IF(B80="","",INDEX(الموظفات!$L$5:$L$304,MATCH(B80,الموظفات!$B$5:$B$304,0))) | K80: =IF(27>$B$10,"",27) | L80: =IF($K80="","",INDEX('سجل التحفيز'!$A$5:$A$2004,MATCH($K80,'سجل التحفيز'!$U$5:$U$2004,0))) | M80: =IF($K80="","",INDEX('سجل التحفيز'!$B$5:$B$2004,MATCH($K80,'سجل التحفيز'!$U$5:$U$2004,0))) | N80: =IF($K80="","",INDEX('سجل التحفيز'!$M$5:$M$2004,MATCH($K80,'سجل التحفيز'!$U$5:$U$2004,0))) | O80: =IF($K80="","",INDEX('سجل التحفيز'!$C$5:$C$2004,MATCH($K80,'سجل التحفيز'!$U$5:$U$2004,0))) | P80: =IF($K80="","",INDEX('سجل التحفيز'!$D$5:$D$2004,MATCH($K80,'سجل التحفيز'!$U$5:$U$2004,0))) | Q80: =IF($K80="","",INDEX('سجل التحفيز'!$E$5:$E$2004,MATCH($K80,'سجل التحفيز'!$U$5:$U$2004,0))) | R80: =IF($K80="","",INDEX('سجل التحفيز'!$F$5:$F$2004,MATCH($K80,'سجل التحفيز'!$U$5:$U$2004,0))) | S80: =IF($K80="","",INDEX('سجل التحفيز'!$G$5:$G$2004,MATCH($K80,'سجل التحفيز'!$U$5:$U$2004,0)))
B81: =IFERROR(INDEX(الموظفات!$B$5:$B$304,MATCH(28,الموظفات!$O$5:$O$304,0)),"") | C81: =IF(B81="","",INDEX(الموظفات!$D$5:$D$304,MATCH(B81,الموظفات!$B$5:$B$304,0))&"") | D81: =IF(B81="","",COUNTIFS('سجل التحفيز'!$U$5:$U$2004,">0",'سجل التحفيز'!$B$5:$B$2004,B81)) | E81: =IF(B81="","",COUNTIFS('سجل التحفيز'!$U$5:$U$2004,">0",'سجل التحفيز'!$B$5:$B$2004,B81,'سجل التحفيز'!$D$5:$D$2004,"ذهبي")) | F81: =IF(B81="","",SUMIFS('سجل التحفيز'!$G$5:$G$2004,'سجل التحفيز'!$U$5:$U$2004,">0",'سجل التحفيز'!$B$5:$B$2004,B81)) | G81: =IF(B81="","",COUNTIF($D$54:$D$203,">"&D81)+1) | H81: =IF(B81="","",INDEX(الموظفات!$L$5:$L$304,MATCH(B81,الموظفات!$B$5:$B$304,0))) | K81: =IF(28>$B$10,"",28) | L81: =IF($K81="","",INDEX('سجل التحفيز'!$A$5:$A$2004,MATCH($K81,'سجل التحفيز'!$U$5:$U$2004,0))) | M81: =IF($K81="","",INDEX('سجل التحفيز'!$B$5:$B$2004,MATCH($K81,'سجل التحفيز'!$U$5:$U$2004,0))) | N81: =IF($K81="","",INDEX('سجل التحفيز'!$M$5:$M$2004,MATCH($K81,'سجل التحفيز'!$U$5:$U$2004,0))) | O81: =IF($K81="","",INDEX('سجل التحفيز'!$C$5:$C$2004,MATCH($K81,'سجل التحفيز'!$U$5:$U$2004,0))) | P81: =IF($K81="","",INDEX('سجل التحفيز'!$D$5:$D$2004,MATCH($K81,'سجل التحفيز'!$U$5:$U$2004,0))) | Q81: =IF($K81="","",INDEX('سجل التحفيز'!$E$5:$E$2004,MATCH($K81,'سجل التحفيز'!$U$5:$U$2004,0))) | R81: =IF($K81="","",INDEX('سجل التحفيز'!$F$5:$F$2004,MATCH($K81,'سجل التحفيز'!$U$5:$U$2004,0))) | S81: =IF($K81="","",INDEX('سجل التحفيز'!$G$5:$G$2004,MATCH($K81,'سجل التحفيز'!$U$5:$U$2004,0)))
B82: =IFERROR(INDEX(الموظفات!$B$5:$B$304,MATCH(29,الموظفات!$O$5:$O$304,0)),"") | C82: =IF(B82="","",INDEX(الموظفات!$D$5:$D$304,MATCH(B82,الموظفات!$B$5:$B$304,0))&"") | D82: =IF(B82="","",COUNTIFS('سجل التحفيز'!$U$5:$U$2004,">0",'سجل التحفيز'!$B$5:$B$2004,B82)) | E82: =IF(B82="","",COUNTIFS('سجل التحفيز'!$U$5:$U$2004,">0",'سجل التحفيز'!$B$5:$B$2004,B82,'سجل التحفيز'!$D$5:$D$2004,"ذهبي")) | F82: =IF(B82="","",SUMIFS('سجل التحفيز'!$G$5:$G$2004,'سجل التحفيز'!$U$5:$U$2004,">0",'سجل التحفيز'!$B$5:$B$2004,B82)) | G82: =IF(B82="","",COUNTIF($D$54:$D$203,">"&D82)+1) | H82: =IF(B82="","",INDEX(الموظفات!$L$5:$L$304,MATCH(B82,الموظفات!$B$5:$B$304,0))) | K82: =IF(29>$B$10,"",29) | L82: =IF($K82="","",INDEX('سجل التحفيز'!$A$5:$A$2004,MATCH($K82,'سجل التحفيز'!$U$5:$U$2004,0))) | M82: =IF($K82="","",INDEX('سجل التحفيز'!$B$5:$B$2004,MATCH($K82,'سجل التحفيز'!$U$5:$U$2004,0))) | N82: =IF($K82="","",INDEX('سجل التحفيز'!$M$5:$M$2004,MATCH($K82,'سجل التحفيز'!$U$5:$U$2004,0))) | O82: =IF($K82="","",INDEX('سجل التحفيز'!$C$5:$C$2004,MATCH($K82,'سجل التحفيز'!$U$5:$U$2004,0))) | P82: =IF($K82="","",INDEX('سجل التحفيز'!$D$5:$D$2004,MATCH($K82,'سجل التحفيز'!$U$5:$U$2004,0))) | Q82: =IF($K82="","",INDEX('سجل التحفيز'!$E$5:$E$2004,MATCH($K82,'سجل التحفيز'!$U$5:$U$2004,0))) | R82: =IF($K82="","",INDEX('سجل التحفيز'!$F$5:$F$2004,MATCH($K82,'سجل التحفيز'!$U$5:$U$2004,0))) | S82: =IF($K82="","",INDEX('سجل التحفيز'!$G$5:$G$2004,MATCH($K82,'سجل التحفيز'!$U$5:$U$2004,0)))
B83: =IFERROR(INDEX(الموظفات!$B$5:$B$304,MATCH(30,الموظفات!$O$5:$O$304,0)),"") | C83: =IF(B83="","",INDEX(الموظفات!$D$5:$D$304,MATCH(B83,الموظفات!$B$5:$B$304,0))&"") | D83: =IF(B83="","",COUNTIFS('سجل التحفيز'!$U$5:$U$2004,">0",'سجل التحفيز'!$B$5:$B$2004,B83)) | E83: =IF(B83="","",COUNTIFS('سجل التحفيز'!$U$5:$U$2004,">0",'سجل التحفيز'!$B$5:$B$2004,B83,'سجل التحفيز'!$D$5:$D$2004,"ذهبي")) | F83: =IF(B83="","",SUMIFS('سجل التحفيز'!$G$5:$G$2004,'سجل التحفيز'!$U$5:$U$2004,">0",'سجل التحفيز'!$B$5:$B$2004,B83)) | G83: =IF(B83="","",COUNTIF($D$54:$D$203,">"&D83)+1) | H83: =IF(B83="","",INDEX(الموظفات!$L$5:$L$304,MATCH(B83,الموظفات!$B$5:$B$304,0))) | K83: =IF(30>$B$10,"",30) | L83: =IF($K83="","",INDEX('سجل التحفيز'!$A$5:$A$2004,MATCH($K83,'سجل التحفيز'!$U$5:$U$2004,0))) | M83: =IF($K83="","",INDEX('سجل التحفيز'!$B$5:$B$2004,MATCH($K83,'سجل التحفيز'!$U$5:$U$2004,0))) | N83: =IF($K83="","",INDEX('سجل التحفيز'!$M$5:$M$2004,MATCH($K83,'سجل التحفيز'!$U$5:$U$2004,0))) | O83: =IF($K83="","",INDEX('سجل التحفيز'!$C$5:$C$2004,MATCH($K83,'سجل التحفيز'!$U$5:$U$2004,0))) | P83: =IF($K83="","",INDEX('سجل التحفيز'!$D$5:$D$2004,MATCH($K83,'سجل التحفيز'!$U$5:$U$2004,0))) | Q83: =IF($K83="","",INDEX('سجل التحفيز'!$E$5:$E$2004,MATCH($K83,'سجل التحفيز'!$U$5:$U$2004,0))) | R83: =IF($K83="","",INDEX('سجل التحفيز'!$F$5:$F$2004,MATCH($K83,'سجل التحفيز'!$U$5:$U$2004,0))) | S83: =IF($K83="","",INDEX('سجل التحفيز'!$G$5:$G$2004,MATCH($K83,'سجل التحفيز'!$U$5:$U$2004,0)))
B84: =IFERROR(INDEX(الموظفات!$B$5:$B$304,MATCH(31,الموظفات!$O$5:$O$304,0)),"") | C84: =IF(B84="","",INDEX(الموظفات!$D$5:$D$304,MATCH(B84,الموظفات!$B$5:$B$304,0))&"") | D84: =IF(B84="","",COUNTIFS('سجل التحفيز'!$U$5:$U$2004,">0",'سجل التحفيز'!$B$5:$B$2004,B84)) | E84: =IF(B84="","",COUNTIFS('سجل التحفيز'!$U$5:$U$2004,">0",'سجل التحفيز'!$B$5:$B$2004,B84,'سجل التحفيز'!$D$5:$D$2004,"ذهبي")) | F84: =IF(B84="","",SUMIFS('سجل التحفيز'!$G$5:$G$2004,'سجل التحفيز'!$U$5:$U$2004,">0",'سجل التحفيز'!$B$5:$B$2004,B84)) | G84: =IF(B84="","",COUNTIF($D$54:$D$203,">"&D84)+1) | H84: =IF(B84="","",INDEX(الموظفات!$L$5:$L$304,MATCH(B84,الموظفات!$B$5:$B$304,0))) | K84: =IF(31>$B$10,"",31) | L84: =IF($K84="","",INDEX('سجل التحفيز'!$A$5:$A$2004,MATCH($K84,'سجل التحفيز'!$U$5:$U$2004,0))) | M84: =IF($K84="","",INDEX('سجل التحفيز'!$B$5:$B$2004,MATCH($K84,'سجل التحفيز'!$U$5:$U$2004,0))) | N84: =IF($K84="","",INDEX('سجل التحفيز'!$M$5:$M$2004,MATCH($K84,'سجل التحفيز'!$U$5:$U$2004,0))) | O84: =IF($K84="","",INDEX('سجل التحفيز'!$C$5:$C$2004,MATCH($K84,'سجل التحفيز'!$U$5:$U$2004,0))) | P84: =IF($K84="","",INDEX('سجل التحفيز'!$D$5:$D$2004,MATCH($K84,'سجل التحفيز'!$U$5:$U$2004,0))) | Q84: =IF($K84="","",INDEX('سجل التحفيز'!$E$5:$E$2004,MATCH($K84,'سجل التحفيز'!$U$5:$U$2004,0))) | R84: =IF($K84="","",INDEX('سجل التحفيز'!$F$5:$F$2004,MATCH($K84,'سجل التحفيز'!$U$5:$U$2004,0))) | S84: =IF($K84="","",INDEX('سجل التحفيز'!$G$5:$G$2004,MATCH($K84,'سجل التحفيز'!$U$5:$U$2004,0)))
B85: =IFERROR(INDEX(الموظفات!$B$5:$B$304,MATCH(32,الموظفات!$O$5:$O$304,0)),"") | C85: =IF(B85="","",INDEX(الموظفات!$D$5:$D$304,MATCH(B85,الموظفات!$B$5:$B$304,0))&"") | D85: =IF(B85="","",COUNTIFS('سجل التحفيز'!$U$5:$U$2004,">0",'سجل التحفيز'!$B$5:$B$2004,B85)) | E85: =IF(B85="","",COUNTIFS('سجل التحفيز'!$U$5:$U$2004,">0",'سجل التحفيز'!$B$5:$B$2004,B85,'سجل التحفيز'!$D$5:$D$2004,"ذهبي")) | F85: =IF(B85="","",SUMIFS('سجل التحفيز'!$G$5:$G$2004,'سجل التحفيز'!$U$5:$U$2004,">0",'سجل التحفيز'!$B$5:$B$2004,B85)) | G85: =IF(B85="","",COUNTIF($D$54:$D$203,">"&D85)+1) | H85: =IF(B85="","",INDEX(الموظفات!$L$5:$L$304,MATCH(B85,الموظفات!$B$5:$B$304,0))) | K85: =IF(32>$B$10,"",32) | L85: =IF($K85="","",INDEX('سجل التحفيز'!$A$5:$A$2004,MATCH($K85,'سجل التحفيز'!$U$5:$U$2004,0))) | M85: =IF($K85="","",INDEX('سجل التحفيز'!$B$5:$B$2004,MATCH($K85,'سجل التحفيز'!$U$5:$U$2004,0))) | N85: =IF($K85="","",INDEX('سجل التحفيز'!$M$5:$M$2004,MATCH($K85,'سجل التحفيز'!$U$5:$U$2004,0))) | O85: =IF($K85="","",INDEX('سجل التحفيز'!$C$5:$C$2004,MATCH($K85,'سجل التحفيز'!$U$5:$U$2004,0))) | P85: =IF($K85="","",INDEX('سجل التحفيز'!$D$5:$D$2004,MATCH($K85,'سجل التحفيز'!$U$5:$U$2004,0))) | Q85: =IF($K85="","",INDEX('سجل التحفيز'!$E$5:$E$2004,MATCH($K85,'سجل التحفيز'!$U$5:$U$2004,0))) | R85: =IF($K85="","",INDEX('سجل التحفيز'!$F$5:$F$2004,MATCH($K85,'سجل التحفيز'!$U$5:$U$2004,0))) | S85: =IF($K85="","",INDEX('سجل التحفيز'!$G$5:$G$2004,MATCH($K85,'سجل التحفيز'!$U$5:$U$2004,0)))
B86: =IFERROR(INDEX(الموظفات!$B$5:$B$304,MATCH(33,الموظفات!$O$5:$O$304,0)),"") | C86: =IF(B86="","",INDEX(الموظفات!$D$5:$D$304,MATCH(B86,الموظفات!$B$5:$B$304,0))&"") | D86: =IF(B86="","",COUNTIFS('سجل التحفيز'!$U$5:$U$2004,">0",'سجل التحفيز'!$B$5:$B$2004,B86)) | E86: =IF(B86="","",COUNTIFS('سجل التحفيز'!$U$5:$U$2004,">0",'سجل التحفيز'!$B$5:$B$2004,B86,'سجل التحفيز'!$D$5:$D$2004,"ذهبي")) | F86: =IF(B86="","",SUMIFS('سجل التحفيز'!$G$5:$G$2004,'سجل التحفيز'!$U$5:$U$2004,">0",'سجل التحفيز'!$B$5:$B$2004,B86)) | G86: =IF(B86="","",COUNTIF($D$54:$D$203,">"&D86)+1) | H86: =IF(B86="","",INDEX(الموظفات!$L$5:$L$304,MATCH(B86,الموظفات!$B$5:$B$304,0))) | K86: =IF(33>$B$10,"",33) | L86: =IF($K86="","",INDEX('سجل التحفيز'!$A$5:$A$2004,MATCH($K86,'سجل التحفيز'!$U$5:$U$2004,0))) | M86: =IF($K86="","",INDEX('سجل التحفيز'!$B$5:$B$2004,MATCH($K86,'سجل التحفيز'!$U$5:$U$2004,0))) | N86: =IF($K86="","",INDEX('سجل التحفيز'!$M$5:$M$2004,MATCH($K86,'سجل التحفيز'!$U$5:$U$2004,0))) | O86: =IF($K86="","",INDEX('سجل التحفيز'!$C$5:$C$2004,MATCH($K86,'سجل التحفيز'!$U$5:$U$2004,0))) | P86: =IF($K86="","",INDEX('سجل التحفيز'!$D$5:$D$2004,MATCH($K86,'سجل التحفيز'!$U$5:$U$2004,0))) | Q86: =IF($K86="","",INDEX('سجل التحفيز'!$E$5:$E$2004,MATCH($K86,'سجل التحفيز'!$U$5:$U$2004,0))) | R86: =IF($K86="","",INDEX('سجل التحفيز'!$F$5:$F$2004,MATCH($K86,'سجل التحفيز'!$U$5:$U$2004,0))) | S86: =IF($K86="","",INDEX('سجل التحفيز'!$G$5:$G$2004,MATCH($K86,'سجل التحفيز'!$U$5:$U$2004,0)))
B87: =IFERROR(INDEX(الموظفات!$B$5:$B$304,MATCH(34,الموظفات!$O$5:$O$304,0)),"") | C87: =IF(B87="","",INDEX(الموظفات!$D$5:$D$304,MATCH(B87,الموظفات!$B$5:$B$304,0))&"") | D87: =IF(B87="","",COUNTIFS('سجل التحفيز'!$U$5:$U$2004,">0",'سجل التحفيز'!$B$5:$B$2004,B87)) | E87: =IF(B87="","",COUNTIFS('سجل التحفيز'!$U$5:$U$2004,">0",'سجل التحفيز'!$B$5:$B$2004,B87,'سجل التحفيز'!$D$5:$D$2004,"ذهبي")) | F87: =IF(B87="","",SUMIFS('سجل التحفيز'!$G$5:$G$2004,'سجل التحفيز'!$U$5:$U$2004,">0",'سجل التحفيز'!$B$5:$B$2004,B87)) | G87: =IF(B87="","",COUNTIF($D$54:$D$203,">"&D87)+1) | H87: =IF(B87="","",INDEX(الموظفات!$L$5:$L$304,MATCH(B87,الموظفات!$B$5:$B$304,0))) | K87: =IF(34>$B$10,"",34) | L87: =IF($K87="","",INDEX('سجل التحفيز'!$A$5:$A$2004,MATCH($K87,'سجل التحفيز'!$U$5:$U$2004,0))) | M87: =IF($K87="","",INDEX('سجل التحفيز'!$B$5:$B$2004,MATCH($K87,'سجل التحفيز'!$U$5:$U$2004,0))) | N87: =IF($K87="","",INDEX('سجل التحفيز'!$M$5:$M$2004,MATCH($K87,'سجل التحفيز'!$U$5:$U$2004,0))) | O87: =IF($K87="","",INDEX('سجل التحفيز'!$C$5:$C$2004,MATCH($K87,'سجل التحفيز'!$U$5:$U$2004,0))) | P87: =IF($K87="","",INDEX('سجل التحفيز'!$D$5:$D$2004,MATCH($K87,'سجل التحفيز'!$U$5:$U$2004,0))) | Q87: =IF($K87="","",INDEX('سجل التحفيز'!$E$5:$E$2004,MATCH($K87,'سجل التحفيز'!$U$5:$U$2004,0))) | R87: =IF($K87="","",INDEX('سجل التحفيز'!$F$5:$F$2004,MATCH($K87,'سجل التحفيز'!$U$5:$U$2004,0))) | S87: =IF($K87="","",INDEX('سجل التحفيز'!$G$5:$G$2004,MATCH($K87,'سجل التحفيز'!$U$5:$U$2004,0)))
B88: =IFERROR(INDEX(الموظفات!$B$5:$B$304,MATCH(35,الموظفات!$O$5:$O$304,0)),"") | C88: =IF(B88="","",INDEX(الموظفات!$D$5:$D$304,MATCH(B88,الموظفات!$B$5:$B$304,0))&"") | D88: =IF(B88="","",COUNTIFS('سجل التحفيز'!$U$5:$U$2004,">0",'سجل التحفيز'!$B$5:$B$2004,B88)) | E88: =IF(B88="","",COUNTIFS('سجل التحفيز'!$U$5:$U$2004,">0",'سجل التحفيز'!$B$5:$B$2004,B88,'سجل التحفيز'!$D$5:$D$2004,"ذهبي")) | F88: =IF(B88="","",SUMIFS('سجل التحفيز'!$G$5:$G$2004,'سجل التحفيز'!$U$5:$U$2004,">0",'سجل التحفيز'!$B$5:$B$2004,B88)) | G88: =IF(B88="","",COUNTIF($D$54:$D$203,">"&D88)+1) | H88: =IF(B88="","",INDEX(الموظفات!$L$5:$L$304,MATCH(B88,الموظفات!$B$5:$B$304,0))) | K88: =IF(35>$B$10,"",35) | L88: =IF($K88="","",INDEX('سجل التحفيز'!$A$5:$A$2004,MATCH($K88,'سجل التحفيز'!$U$5:$U$2004,0))) | M88: =IF($K88="","",INDEX('سجل التحفيز'!$B$5:$B$2004,MATCH($K88,'سجل التحفيز'!$U$5:$U$2004,0))) | N88: =IF($K88="","",INDEX('سجل التحفيز'!$M$5:$M$2004,MATCH($K88,'سجل التحفيز'!$U$5:$U$2004,0))) | O88: =IF($K88="","",INDEX('سجل التحفيز'!$C$5:$C$2004,MATCH($K88,'سجل التحفيز'!$U$5:$U$2004,0))) | P88: =IF($K88="","",INDEX('سجل التحفيز'!$D$5:$D$2004,MATCH($K88,'سجل التحفيز'!$U$5:$U$2004,0))) | Q88: =IF($K88="","",INDEX('سجل التحفيز'!$E$5:$E$2004,MATCH($K88,'سجل التحفيز'!$U$5:$U$2004,0))) | R88: =IF($K88="","",INDEX('سجل التحفيز'!$F$5:$F$2004,MATCH($K88,'سجل التحفيز'!$U$5:$U$2004,0))) | S88: =IF($K88="","",INDEX('سجل التحفيز'!$G$5:$G$2004,MATCH($K88,'سجل التحفيز'!$U$5:$U$2004,0)))
B89: =IFERROR(INDEX(الموظفات!$B$5:$B$304,MATCH(36,الموظفات!$O$5:$O$304,0)),"") | C89: =IF(B89="","",INDEX(الموظفات!$D$5:$D$304,MATCH(B89,الموظفات!$B$5:$B$304,0))&"") | D89: =IF(B89="","",COUNTIFS('سجل التحفيز'!$U$5:$U$2004,">0",'سجل التحفيز'!$B$5:$B$2004,B89)) | E89: =IF(B89="","",COUNTIFS('سجل التحفيز'!$U$5:$U$2004,">0",'سجل التحفيز'!$B$5:$B$2004,B89,'سجل التحفيز'!$D$5:$D$2004,"ذهبي")) | F89: =IF(B89="","",SUMIFS('سجل التحفيز'!$G$5:$G$2004,'سجل التحفيز'!$U$5:$U$2004,">0",'سجل التحفيز'!$B$5:$B$2004,B89)) | G89: =IF(B89="","",COUNTIF($D$54:$D$203,">"&D89)+1) | H89: =IF(B89="","",INDEX(الموظفات!$L$5:$L$304,MATCH(B89,الموظفات!$B$5:$B$304,0))) | K89: =IF(36>$B$10,"",36) | L89: =IF($K89="","",INDEX('سجل التحفيز'!$A$5:$A$2004,MATCH($K89,'سجل التحفيز'!$U$5:$U$2004,0))) | M89: =IF($K89="","",INDEX('سجل التحفيز'!$B$5:$B$2004,MATCH($K89,'سجل التحفيز'!$U$5:$U$2004,0))) | N89: =IF($K89="","",INDEX('سجل التحفيز'!$M$5:$M$2004,MATCH($K89,'سجل التحفيز'!$U$5:$U$2004,0))) | O89: =IF($K89="","",INDEX('سجل التحفيز'!$C$5:$C$2004,MATCH($K89,'سجل التحفيز'!$U$5:$U$2004,0))) | P89: =IF($K89="","",INDEX('سجل التحفيز'!$D$5:$D$2004,MATCH($K89,'سجل التحفيز'!$U$5:$U$2004,0))) | Q89: =IF($K89="","",INDEX('سجل التحفيز'!$E$5:$E$2004,MATCH($K89,'سجل التحفيز'!$U$5:$U$2004,0))) | R89: =IF($K89="","",INDEX('سجل التحفيز'!$F$5:$F$2004,MATCH($K89,'سجل التحفيز'!$U$5:$U$2004,0))) | S89: =IF($K89="","",INDEX('سجل التحفيز'!$G$5:$G$2004,MATCH($K89,'سجل التحفيز'!$U$5:$U$2004,0)))
B90: =IFERROR(INDEX(الموظفات!$B$5:$B$304,MATCH(37,الموظفات!$O$5:$O$304,0)),"") | C90: =IF(B90="","",INDEX(الموظفات!$D$5:$D$304,MATCH(B90,الموظفات!$B$5:$B$304,0))&"") | D90: =IF(B90="","",COUNTIFS('سجل التحفيز'!$U$5:$U$2004,">0",'سجل التحفيز'!$B$5:$B$2004,B90)) | E90: =IF(B90="","",COUNTIFS('سجل التحفيز'!$U$5:$U$2004,">0",'سجل التحفيز'!$B$5:$B$2004,B90,'سجل التحفيز'!$D$5:$D$2004,"ذهبي")) | F90: =IF(B90="","",SUMIFS('سجل التحفيز'!$G$5:$G$2004,'سجل التحفيز'!$U$5:$U$2004,">0",'سجل التحفيز'!$B$5:$B$2004,B90)) | G90: =IF(B90="","",COUNTIF($D$54:$D$203,">"&D90)+1) | H90: =IF(B90="","",INDEX(الموظفات!$L$5:$L$304,MATCH(B90,الموظفات!$B$5:$B$304,0))) | K90: =IF(37>$B$10,"",37) | L90: =IF($K90="","",INDEX('سجل التحفيز'!$A$5:$A$2004,MATCH($K90,'سجل التحفيز'!$U$5:$U$2004,0))) | M90: =IF($K90="","",INDEX('سجل التحفيز'!$B$5:$B$2004,MATCH($K90,'سجل التحفيز'!$U$5:$U$2004,0))) | N90: =IF($K90="","",INDEX('سجل التحفيز'!$M$5:$M$2004,MATCH($K90,'سجل التحفيز'!$U$5:$U$2004,0))) | O90: =IF($K90="","",INDEX('سجل التحفيز'!$C$5:$C$2004,MATCH($K90,'سجل التحفيز'!$U$5:$U$2004,0))) | P90: =IF($K90="","",INDEX('سجل التحفيز'!$D$5:$D$2004,MATCH($K90,'سجل التحفيز'!$U$5:$U$2004,0))) | Q90: =IF($K90="","",INDEX('سجل التحفيز'!$E$5:$E$2004,MATCH($K90,'سجل التحفيز'!$U$5:$U$2004,0))) | R90: =IF($K90="","",INDEX('سجل التحفيز'!$F$5:$F$2004,MATCH($K90,'سجل التحفيز'!$U$5:$U$2004,0))) | S90: =IF($K90="","",INDEX('سجل التحفيز'!$G$5:$G$2004,MATCH($K90,'سجل التحفيز'!$U$5:$U$2004,0)))
B91: =IFERROR(INDEX(الموظفات!$B$5:$B$304,MATCH(38,الموظفات!$O$5:$O$304,0)),"") | C91: =IF(B91="","",INDEX(الموظفات!$D$5:$D$304,MATCH(B91,الموظفات!$B$5:$B$304,0))&"") | D91: =IF(B91="","",COUNTIFS('سجل التحفيز'!$U$5:$U$2004,">0",'سجل التحفيز'!$B$5:$B$2004,B91)) | E91: =IF(B91="","",COUNTIFS('سجل التحفيز'!$U$5:$U$2004,">0",'سجل التحفيز'!$B$5:$B$2004,B91,'سجل التحفيز'!$D$5:$D$2004,"ذهبي")) | F91: =IF(B91="","",SUMIFS('سجل التحفيز'!$G$5:$G$2004,'سجل التحفيز'!$U$5:$U$2004,">0",'سجل التحفيز'!$B$5:$B$2004,B91)) | G91: =IF(B91="","",COUNTIF($D$54:$D$203,">"&D91)+1) | H91: =IF(B91="","",INDEX(الموظفات!$L$5:$L$304,MATCH(B91,الموظفات!$B$5:$B$304,0))) | K91: =IF(38>$B$10,"",38) | L91: =IF($K91="","",INDEX('سجل التحفيز'!$A$5:$A$2004,MATCH($K91,'سجل التحفيز'!$U$5:$U$2004,0))) | M91: =IF($K91="","",INDEX('سجل التحفيز'!$B$5:$B$2004,MATCH($K91,'سجل التحفيز'!$U$5:$U$2004,0))) | N91: =IF($K91="","",INDEX('سجل التحفيز'!$M$5:$M$2004,MATCH($K91,'سجل التحفيز'!$U$5:$U$2004,0))) | O91: =IF($K91="","",INDEX('سجل التحفيز'!$C$5:$C$2004,MATCH($K91,'سجل التحفيز'!$U$5:$U$2004,0))) | P91: =IF($K91="","",INDEX('سجل التحفيز'!$D$5:$D$2004,MATCH($K91,'سجل التحفيز'!$U$5:$U$2004,0))) | Q91: =IF($K91="","",INDEX('سجل التحفيز'!$E$5:$E$2004,MATCH($K91,'سجل التحفيز'!$U$5:$U$2004,0))) | R91: =IF($K91="","",INDEX('سجل التحفيز'!$F$5:$F$2004,MATCH($K91,'سجل التحفيز'!$U$5:$U$2004,0))) | S91: =IF($K91="","",INDEX('سجل التحفيز'!$G$5:$G$2004,MATCH($K91,'سجل التحفيز'!$U$5:$U$2004,0)))
B92: =IFERROR(INDEX(الموظفات!$B$5:$B$304,MATCH(39,الموظفات!$O$5:$O$304,0)),"") | C92: =IF(B92="","",INDEX(الموظفات!$D$5:$D$304,MATCH(B92,الموظفات!$B$5:$B$304,0))&"") | D92: =IF(B92="","",COUNTIFS('سجل التحفيز'!$U$5:$U$2004,">0",'سجل التحفيز'!$B$5:$B$2004,B92)) | E92: =IF(B92="","",COUNTIFS('سجل التحفيز'!$U$5:$U$2004,">0",'سجل التحفيز'!$B$5:$B$2004,B92,'سجل التحفيز'!$D$5:$D$2004,"ذهبي")) | F92: =IF(B92="","",SUMIFS('سجل التحفيز'!$G$5:$G$2004,'سجل التحفيز'!$U$5:$U$2004,">0",'سجل التحفيز'!$B$5:$B$2004,B92)) | G92: =IF(B92="","",COUNTIF($D$54:$D$203,">"&D92)+1) | H92: =IF(B92="","",INDEX(الموظفات!$L$5:$L$304,MATCH(B92,الموظفات!$B$5:$B$304,0))) | K92: =IF(39>$B$10,"",39) | L92: =IF($K92="","",INDEX('سجل التحفيز'!$A$5:$A$2004,MATCH($K92,'سجل التحفيز'!$U$5:$U$2004,0))) | M92: =IF($K92="","",INDEX('سجل التحفيز'!$B$5:$B$2004,MATCH($K92,'سجل التحفيز'!$U$5:$U$2004,0))) | N92: =IF($K92="","",INDEX('سجل التحفيز'!$M$5:$M$2004,MATCH($K92,'سجل التحفيز'!$U$5:$U$2004,0))) | O92: =IF($K92="","",INDEX('سجل التحفيز'!$C$5:$C$2004,MATCH($K92,'سجل التحفيز'!$U$5:$U$2004,0))) | P92: =IF($K92="","",INDEX('سجل التحفيز'!$D$5:$D$2004,MATCH($K92,'سجل التحفيز'!$U$5:$U$2004,0))) | Q92: =IF($K92="","",INDEX('سجل التحفيز'!$E$5:$E$2004,MATCH($K92,'سجل التحفيز'!$U$5:$U$2004,0))) | R92: =IF($K92="","",INDEX('سجل التحفيز'!$F$5:$F$2004,MATCH($K92,'سجل التحفيز'!$U$5:$U$2004,0))) | S92: =IF($K92="","",INDEX('سجل التحفيز'!$G$5:$G$2004,MATCH($K92,'سجل التحفيز'!$U$5:$U$2004,0)))
B93: =IFERROR(INDEX(الموظفات!$B$5:$B$304,MATCH(40,الموظفات!$O$5:$O$304,0)),"") | C93: =IF(B93="","",INDEX(الموظفات!$D$5:$D$304,MATCH(B93,الموظفات!$B$5:$B$304,0))&"") | D93: =IF(B93="","",COUNTIFS('سجل التحفيز'!$U$5:$U$2004,">0",'سجل التحفيز'!$B$5:$B$2004,B93)) | E93: =IF(B93="","",COUNTIFS('سجل التحفيز'!$U$5:$U$2004,">0",'سجل التحفيز'!$B$5:$B$2004,B93,'سجل التحفيز'!$D$5:$D$2004,"ذهبي")) | F93: =IF(B93="","",SUMIFS('سجل التحفيز'!$G$5:$G$2004,'سجل التحفيز'!$U$5:$U$2004,">0",'سجل التحفيز'!$B$5:$B$2004,B93)) | G93: =IF(B93="","",COUNTIF($D$54:$D$203,">"&D93)+1) | H93: =IF(B93="","",INDEX(الموظفات!$L$5:$L$304,MATCH(B93,الموظفات!$B$5:$B$304,0))) | K93: =IF(40>$B$10,"",40) | L93: =IF($K93="","",INDEX('سجل التحفيز'!$A$5:$A$2004,MATCH($K93,'سجل التحفيز'!$U$5:$U$2004,0))) | M93: =IF($K93="","",INDEX('سجل التحفيز'!$B$5:$B$2004,MATCH($K93,'سجل التحفيز'!$U$5:$U$2004,0))) | N93: =IF($K93="","",INDEX('سجل التحفيز'!$M$5:$M$2004,MATCH($K93,'سجل التحفيز'!$U$5:$U$2004,0))) | O93: =IF($K93="","",INDEX('سجل التحفيز'!$C$5:$C$2004,MATCH($K93,'سجل التحفيز'!$U$5:$U$2004,0))) | P93: =IF($K93="","",INDEX('سجل التحفيز'!$D$5:$D$2004,MATCH($K93,'سجل التحفيز'!$U$5:$U$2004,0))) | Q93: =IF($K93="","",INDEX('سجل التحفيز'!$E$5:$E$2004,MATCH($K93,'سجل التحفيز'!$U$5:$U$2004,0))) | R93: =IF($K93="","",INDEX('سجل التحفيز'!$F$5:$F$2004,MATCH($K93,'سجل التحفيز'!$U$5:$U$2004,0))) | S93: =IF($K93="","",INDEX('سجل التحفيز'!$G$5:$G$2004,MATCH($K93,'سجل التحفيز'!$U$5:$U$2004,0)))
B94: =IFERROR(INDEX(الموظفات!$B$5:$B$304,MATCH(41,الموظفات!$O$5:$O$304,0)),"") | C94: =IF(B94="","",INDEX(الموظفات!$D$5:$D$304,MATCH(B94,الموظفات!$B$5:$B$304,0))&"") | D94: =IF(B94="","",COUNTIFS('سجل التحفيز'!$U$5:$U$2004,">0",'سجل التحفيز'!$B$5:$B$2004,B94)) | E94: =IF(B94="","",COUNTIFS('سجل التحفيز'!$U$5:$U$2004,">0",'سجل التحفيز'!$B$5:$B$2004,B94,'سجل التحفيز'!$D$5:$D$2004,"ذهبي")) | F94: =IF(B94="","",SUMIFS('سجل التحفيز'!$G$5:$G$2004,'سجل التحفيز'!$U$5:$U$2004,">0",'سجل التحفيز'!$B$5:$B$2004,B94)) | G94: =IF(B94="","",COUNTIF($D$54:$D$203,">"&D94)+1) | H94: =IF(B94="","",INDEX(الموظفات!$L$5:$L$304,MATCH(B94,الموظفات!$B$5:$B$304,0))) | K94: =IF(41>$B$10,"",41) | L94: =IF($K94="","",INDEX('سجل التحفيز'!$A$5:$A$2004,MATCH($K94,'سجل التحفيز'!$U$5:$U$2004,0))) | M94: =IF($K94="","",INDEX('سجل التحفيز'!$B$5:$B$2004,MATCH($K94,'سجل التحفيز'!$U$5:$U$2004,0))) | N94: =IF($K94="","",INDEX('سجل التحفيز'!$M$5:$M$2004,MATCH($K94,'سجل التحفيز'!$U$5:$U$2004,0))) | O94: =IF($K94="","",INDEX('سجل التحفيز'!$C$5:$C$2004,MATCH($K94,'سجل التحفيز'!$U$5:$U$2004,0))) | P94: =IF($K94="","",INDEX('سجل التحفيز'!$D$5:$D$2004,MATCH($K94,'سجل التحفيز'!$U$5:$U$2004,0))) | Q94: =IF($K94="","",INDEX('سجل التحفيز'!$E$5:$E$2004,MATCH($K94,'سجل التحفيز'!$U$5:$U$2004,0))) | R94: =IF($K94="","",INDEX('سجل التحفيز'!$F$5:$F$2004,MATCH($K94,'سجل التحفيز'!$U$5:$U$2004,0))) | S94: =IF($K94="","",INDEX('سجل التحفيز'!$G$5:$G$2004,MATCH($K94,'سجل التحفيز'!$U$5:$U$2004,0)))
B95: =IFERROR(INDEX(الموظفات!$B$5:$B$304,MATCH(42,الموظفات!$O$5:$O$304,0)),"") | C95: =IF(B95="","",INDEX(الموظفات!$D$5:$D$304,MATCH(B95,الموظفات!$B$5:$B$304,0))&"") | D95: =IF(B95="","",COUNTIFS('سجل التحفيز'!$U$5:$U$2004,">0",'سجل التحفيز'!$B$5:$B$2004,B95)) | E95: =IF(B95="","",COUNTIFS('سجل التحفيز'!$U$5:$U$2004,">0",'سجل التحفيز'!$B$5:$B$2004,B95,'سجل التحفيز'!$D$5:$D$2004,"ذهبي")) | F95: =IF(B95="","",SUMIFS('سجل التحفيز'!$G$5:$G$2004,'سجل التحفيز'!$U$5:$U$2004,">0",'سجل التحفيز'!$B$5:$B$2004,B95)) | G95: =IF(B95="","",COUNTIF($D$54:$D$203,">"&D95)+1) | H95: =IF(B95="","",INDEX(الموظفات!$L$5:$L$304,MATCH(B95,الموظفات!$B$5:$B$304,0))) | K95: =IF(42>$B$10,"",42) | L95: =IF($K95="","",INDEX('سجل التحفيز'!$A$5:$A$2004,MATCH($K95,'سجل التحفيز'!$U$5:$U$2004,0))) | M95: =IF($K95="","",INDEX('سجل التحفيز'!$B$5:$B$2004,MATCH($K95,'سجل التحفيز'!$U$5:$U$2004,0))) | N95: =IF($K95="","",INDEX('سجل التحفيز'!$M$5:$M$2004,MATCH($K95,'سجل التحفيز'!$U$5:$U$2004,0))) | O95: =IF($K95="","",INDEX('سجل التحفيز'!$C$5:$C$2004,MATCH($K95,'سجل التحفيز'!$U$5:$U$2004,0))) | P95: =IF($K95="","",INDEX('سجل التحفيز'!$D$5:$D$2004,MATCH($K95,'سجل التحفيز'!$U$5:$U$2004,0))) | Q95: =IF($K95="","",INDEX('سجل التحفيز'!$E$5:$E$2004,MATCH($K95,'سجل التحفيز'!$U$5:$U$2004,0))) | R95: =IF($K95="","",INDEX('سجل التحفيز'!$F$5:$F$2004,MATCH($K95,'سجل التحفيز'!$U$5:$U$2004,0))) | S95: =IF($K95="","",INDEX('سجل التحفيز'!$G$5:$G$2004,MATCH($K95,'سجل التحفيز'!$U$5:$U$2004,0)))
B96: =IFERROR(INDEX(الموظفات!$B$5:$B$304,MATCH(43,الموظفات!$O$5:$O$304,0)),"") | C96: =IF(B96="","",INDEX(الموظفات!$D$5:$D$304,MATCH(B96,الموظفات!$B$5:$B$304,0))&"") | D96: =IF(B96="","",COUNTIFS('سجل التحفيز'!$U$5:$U$2004,">0",'سجل التحفيز'!$B$5:$B$2004,B96)) | E96: =IF(B96="","",COUNTIFS('سجل التحفيز'!$U$5:$U$2004,">0",'سجل التحفيز'!$B$5:$B$2004,B96,'سجل التحفيز'!$D$5:$D$2004,"ذهبي")) | F96: =IF(B96="","",SUMIFS('سجل التحفيز'!$G$5:$G$2004,'سجل التحفيز'!$U$5:$U$2004,">0",'سجل التحفيز'!$B$5:$B$2004,B96)) | G96: =IF(B96="","",COUNTIF($D$54:$D$203,">"&D96)+1) | H96: =IF(B96="","",INDEX(الموظفات!$L$5:$L$304,MATCH(B96,الموظفات!$B$5:$B$304,0))) | K96: =IF(43>$B$10,"",43) | L96: =IF($K96="","",INDEX('سجل التحفيز'!$A$5:$A$2004,MATCH($K96,'سجل التحفيز'!$U$5:$U$2004,0))) | M96: =IF($K96="","",INDEX('سجل التحفيز'!$B$5:$B$2004,MATCH($K96,'سجل التحفيز'!$U$5:$U$2004,0))) | N96: =IF($K96="","",INDEX('سجل التحفيز'!$M$5:$M$2004,MATCH($K96,'سجل التحفيز'!$U$5:$U$2004,0))) | O96: =IF($K96="","",INDEX('سجل التحفيز'!$C$5:$C$2004,MATCH($K96,'سجل التحفيز'!$U$5:$U$2004,0))) | P96: =IF($K96="","",INDEX('سجل التحفيز'!$D$5:$D$2004,MATCH($K96,'سجل التحفيز'!$U$5:$U$2004,0))) | Q96: =IF($K96="","",INDEX('سجل التحفيز'!$E$5:$E$2004,MATCH($K96,'سجل التحفيز'!$U$5:$U$2004,0))) | R96: =IF($K96="","",INDEX('سجل التحفيز'!$F$5:$F$2004,MATCH($K96,'سجل التحفيز'!$U$5:$U$2004,0))) | S96: =IF($K96="","",INDEX('سجل التحفيز'!$G$5:$G$2004,MATCH($K96,'سجل التحفيز'!$U$5:$U$2004,0)))
B97: =IFERROR(INDEX(الموظفات!$B$5:$B$304,MATCH(44,الموظفات!$O$5:$O$304,0)),"") | C97: =IF(B97="","",INDEX(الموظفات!$D$5:$D$304,MATCH(B97,الموظفات!$B$5:$B$304,0))&"") | D97: =IF(B97="","",COUNTIFS('سجل التحفيز'!$U$5:$U$2004,">0",'سجل التحفيز'!$B$5:$B$2004,B97)) | E97: =IF(B97="","",COUNTIFS('سجل التحفيز'!$U$5:$U$2004,">0",'سجل التحفيز'!$B$5:$B$2004,B97,'سجل التحفيز'!$D$5:$D$2004,"ذهبي")) | F97: =IF(B97="","",SUMIFS('سجل التحفيز'!$G$5:$G$2004,'سجل التحفيز'!$U$5:$U$2004,">0",'سجل التحفيز'!$B$5:$B$2004,B97)) | G97: =IF(B97="","",COUNTIF($D$54:$D$203,">"&D97)+1) | H97: =IF(B97="","",INDEX(الموظفات!$L$5:$L$304,MATCH(B97,الموظفات!$B$5:$B$304,0))) | K97: =IF(44>$B$10,"",44) | L97: =IF($K97="","",INDEX('سجل التحفيز'!$A$5:$A$2004,MATCH($K97,'سجل التحفيز'!$U$5:$U$2004,0))) | M97: =IF($K97="","",INDEX('سجل التحفيز'!$B$5:$B$2004,MATCH($K97,'سجل التحفيز'!$U$5:$U$2004,0))) | N97: =IF($K97="","",INDEX('سجل التحفيز'!$M$5:$M$2004,MATCH($K97,'سجل التحفيز'!$U$5:$U$2004,0))) | O97: =IF($K97="","",INDEX('سجل التحفيز'!$C$5:$C$2004,MATCH($K97,'سجل التحفيز'!$U$5:$U$2004,0))) | P97: =IF($K97="","",INDEX('سجل التحفيز'!$D$5:$D$2004,MATCH($K97,'سجل التحفيز'!$U$5:$U$2004,0))) | Q97: =IF($K97="","",INDEX('سجل التحفيز'!$E$5:$E$2004,MATCH($K97,'سجل التحفيز'!$U$5:$U$2004,0))) | R97: =IF($K97="","",INDEX('سجل التحفيز'!$F$5:$F$2004,MATCH($K97,'سجل التحفيز'!$U$5:$U$2004,0))) | S97: =IF($K97="","",INDEX('سجل التحفيز'!$G$5:$G$2004,MATCH($K97,'سجل التحفيز'!$U$5:$U$2004,0)))
B98: =IFERROR(INDEX(الموظفات!$B$5:$B$304,MATCH(45,الموظفات!$O$5:$O$304,0)),"") | C98: =IF(B98="","",INDEX(الموظفات!$D$5:$D$304,MATCH(B98,الموظفات!$B$5:$B$304,0))&"") | D98: =IF(B98="","",COUNTIFS('سجل التحفيز'!$U$5:$U$2004,">0",'سجل التحفيز'!$B$5:$B$2004,B98)) | E98: =IF(B98="","",COUNTIFS('سجل التحفيز'!$U$5:$U$2004,">0",'سجل التحفيز'!$B$5:$B$2004,B98,'سجل التحفيز'!$D$5:$D$2004,"ذهبي")) | F98: =IF(B98="","",SUMIFS('سجل التحفيز'!$G$5:$G$2004,'سجل التحفيز'!$U$5:$U$2004,">0",'سجل التحفيز'!$B$5:$B$2004,B98)) | G98: =IF(B98="","",COUNTIF($D$54:$D$203,">"&D98)+1) | H98: =IF(B98="","",INDEX(الموظفات!$L$5:$L$304,MATCH(B98,الموظفات!$B$5:$B$304,0))) | K98: =IF(45>$B$10,"",45) | L98: =IF($K98="","",INDEX('سجل التحفيز'!$A$5:$A$2004,MATCH($K98,'سجل التحفيز'!$U$5:$U$2004,0))) | M98: =IF($K98="","",INDEX('سجل التحفيز'!$B$5:$B$2004,MATCH($K98,'سجل التحفيز'!$U$5:$U$2004,0))) | N98: =IF($K98="","",INDEX('سجل التحفيز'!$M$5:$M$2004,MATCH($K98,'سجل التحفيز'!$U$5:$U$2004,0))) | O98: =IF($K98="","",INDEX('سجل التحفيز'!$C$5:$C$2004,MATCH($K98,'سجل التحفيز'!$U$5:$U$2004,0))) | P98: =IF($K98="","",INDEX('سجل التحفيز'!$D$5:$D$2004,MATCH($K98,'سجل التحفيز'!$U$5:$U$2004,0))) | Q98: =IF($K98="","",INDEX('سجل التحفيز'!$E$5:$E$2004,MATCH($K98,'سجل التحفيز'!$U$5:$U$2004,0))) | R98: =IF($K98="","",INDEX('سجل التحفيز'!$F$5:$F$2004,MATCH($K98,'سجل التحفيز'!$U$5:$U$2004,0))) | S98: =IF($K98="","",INDEX('سجل التحفيز'!$G$5:$G$2004,MATCH($K98,'سجل التحفيز'!$U$5:$U$2004,0)))
B99: =IFERROR(INDEX(الموظفات!$B$5:$B$304,MATCH(46,الموظفات!$O$5:$O$304,0)),"") | C99: =IF(B99="","",INDEX(الموظفات!$D$5:$D$304,MATCH(B99,الموظفات!$B$5:$B$304,0))&"") | D99: =IF(B99="","",COUNTIFS('سجل التحفيز'!$U$5:$U$2004,">0",'سجل التحفيز'!$B$5:$B$2004,B99)) | E99: =IF(B99="","",COUNTIFS('سجل التحفيز'!$U$5:$U$2004,">0",'سجل التحفيز'!$B$5:$B$2004,B99,'سجل التحفيز'!$D$5:$D$2004,"ذهبي")) | F99: =IF(B99="","",SUMIFS('سجل التحفيز'!$G$5:$G$2004,'سجل التحفيز'!$U$5:$U$2004,">0",'سجل التحفيز'!$B$5:$B$2004,B99)) | G99: =IF(B99="","",COUNTIF($D$54:$D$203,">"&D99)+1) | H99: =IF(B99="","",INDEX(الموظفات!$L$5:$L$304,MATCH(B99,الموظفات!$B$5:$B$304,0))) | K99: =IF(46>$B$10,"",46) | L99: =IF($K99="","",INDEX('سجل التحفيز'!$A$5:$A$2004,MATCH($K99,'سجل التحفيز'!$U$5:$U$2004,0))) | M99: =IF($K99="","",INDEX('سجل التحفيز'!$B$5:$B$2004,MATCH($K99,'سجل التحفيز'!$U$5:$U$2004,0))) | N99: =IF($K99="","",INDEX('سجل التحفيز'!$M$5:$M$2004,MATCH($K99,'سجل التحفيز'!$U$5:$U$2004,0))) | O99: =IF($K99="","",INDEX('سجل التحفيز'!$C$5:$C$2004,MATCH($K99,'سجل التحفيز'!$U$5:$U$2004,0))) | P99: =IF($K99="","",INDEX('سجل التحفيز'!$D$5:$D$2004,MATCH($K99,'سجل التحفيز'!$U$5:$U$2004,0))) | Q99: =IF($K99="","",INDEX('سجل التحفيز'!$E$5:$E$2004,MATCH($K99,'سجل التحفيز'!$U$5:$U$2004,0))) | R99: =IF($K99="","",INDEX('سجل التحفيز'!$F$5:$F$2004,MATCH($K99,'سجل التحفيز'!$U$5:$U$2004,0))) | S99: =IF($K99="","",INDEX('سجل التحفيز'!$G$5:$G$2004,MATCH($K99,'سجل التحفيز'!$U$5:$U$2004,0)))
B100: =IFERROR(INDEX(الموظفات!$B$5:$B$304,MATCH(47,الموظفات!$O$5:$O$304,0)),"") | C100: =IF(B100="","",INDEX(الموظفات!$D$5:$D$304,MATCH(B100,الموظفات!$B$5:$B$304,0))&"") | D100: =IF(B100="","",COUNTIFS('سجل التحفيز'!$U$5:$U$2004,">0",'سجل التحفيز'!$B$5:$B$2004,B100)) | E100: =IF(B100="","",COUNTIFS('سجل التحفيز'!$U$5:$U$2004,">0",'سجل التحفيز'!$B$5:$B$2004,B100,'سجل التحفيز'!$D$5:$D$2004,"ذهبي")) | F100: =IF(B100="","",SUMIFS('سجل التحفيز'!$G$5:$G$2004,'سجل التحفيز'!$U$5:$U$2004,">0",'سجل التحفيز'!$B$5:$B$2004,B100)) | G100: =IF(B100="","",COUNTIF($D$54:$D$203,">"&D100)+1) | H100: =IF(B100="","",INDEX(الموظفات!$L$5:$L$304,MATCH(B100,الموظفات!$B$5:$B$304,0))) | K100: =IF(47>$B$10,"",47) | L100: =IF($K100="","",INDEX('سجل التحفيز'!$A$5:$A$2004,MATCH($K100,'سجل التحفيز'!$U$5:$U$2004,0))) | M100: =IF($K100="","",INDEX('سجل التحفيز'!$B$5:$B$2004,MATCH($K100,'سجل التحفيز'!$U$5:$U$2004,0))) | N100: =IF($K100="","",INDEX('سجل التحفيز'!$M$5:$M$2004,MATCH($K100,'سجل التحفيز'!$U$5:$U$2004,0))) | O100: =IF($K100="","",INDEX('سجل التحفيز'!$C$5:$C$2004,MATCH($K100,'سجل التحفيز'!$U$5:$U$2004,0))) | P100: =IF($K100="","",INDEX('سجل التحفيز'!$D$5:$D$2004,MATCH($K100,'سجل التحفيز'!$U$5:$U$2004,0))) | Q100: =IF($K100="","",INDEX('سجل التحفيز'!$E$5:$E$2004,MATCH($K100,'سجل التحفيز'!$U$5:$U$2004,0))) | R100: =IF($K100="","",INDEX('سجل التحفيز'!$F$5:$F$2004,MATCH($K100,'سجل التحفيز'!$U$5:$U$2004,0))) | S100: =IF($K100="","",INDEX('سجل التحفيز'!$G$5:$G$2004,MATCH($K100,'سجل التحفيز'!$U$5:$U$2004,0)))
B101: =IFERROR(INDEX(الموظفات!$B$5:$B$304,MATCH(48,الموظفات!$O$5:$O$304,0)),"") | C101: =IF(B101="","",INDEX(الموظفات!$D$5:$D$304,MATCH(B101,الموظفات!$B$5:$B$304,0))&"") | D101: =IF(B101="","",COUNTIFS('سجل التحفيز'!$U$5:$U$2004,">0",'سجل التحفيز'!$B$5:$B$2004,B101)) | E101: =IF(B101="","",COUNTIFS('سجل التحفيز'!$U$5:$U$2004,">0",'سجل التحفيز'!$B$5:$B$2004,B101,'سجل التحفيز'!$D$5:$D$2004,"ذهبي")) | F101: =IF(B101="","",SUMIFS('سجل التحفيز'!$G$5:$G$2004,'سجل التحفيز'!$U$5:$U$2004,">0",'سجل التحفيز'!$B$5:$B$2004,B101)) | G101: =IF(B101="","",COUNTIF($D$54:$D$203,">"&D101)+1) | H101: =IF(B101="","",INDEX(الموظفات!$L$5:$L$304,MATCH(B101,الموظفات!$B$5:$B$304,0))) | K101: =IF(48>$B$10,"",48) | L101: =IF($K101="","",INDEX('سجل التحفيز'!$A$5:$A$2004,MATCH($K101,'سجل التحفيز'!$U$5:$U$2004,0))) | M101: =IF($K101="","",INDEX('سجل التحفيز'!$B$5:$B$2004,MATCH($K101,'سجل التحفيز'!$U$5:$U$2004,0))) | N101: =IF($K101="","",INDEX('سجل التحفيز'!$M$5:$M$2004,MATCH($K101,'سجل التحفيز'!$U$5:$U$2004,0))) | O101: =IF($K101="","",INDEX('سجل التحفيز'!$C$5:$C$2004,MATCH($K101,'سجل التحفيز'!$U$5:$U$2004,0))) | P101: =IF($K101="","",INDEX('سجل التحفيز'!$D$5:$D$2004,MATCH($K101,'سجل التحفيز'!$U$5:$U$2004,0))) | Q101: =IF($K101="","",INDEX('سجل التحفيز'!$E$5:$E$2004,MATCH($K101,'سجل التحفيز'!$U$5:$U$2004,0))) | R101: =IF($K101="","",INDEX('سجل التحفيز'!$F$5:$F$2004,MATCH($K101,'سجل التحفيز'!$U$5:$U$2004,0))) | S101: =IF($K101="","",INDEX('سجل التحفيز'!$G$5:$G$2004,MATCH($K101,'سجل التحفيز'!$U$5:$U$2004,0)))
B102: =IFERROR(INDEX(الموظفات!$B$5:$B$304,MATCH(49,الموظفات!$O$5:$O$304,0)),"") | C102: =IF(B102="","",INDEX(الموظفات!$D$5:$D$304,MATCH(B102,الموظفات!$B$5:$B$304,0))&"") | D102: =IF(B102="","",COUNTIFS('سجل التحفيز'!$U$5:$U$2004,">0",'سجل التحفيز'!$B$5:$B$2004,B102)) | E102: =IF(B102="","",COUNTIFS('سجل التحفيز'!$U$5:$U$2004,">0",'سجل التحفيز'!$B$5:$B$2004,B102,'سجل التحفيز'!$D$5:$D$2004,"ذهبي")) | F102: =IF(B102="","",SUMIFS('سجل التحفيز'!$G$5:$G$2004,'سجل التحفيز'!$U$5:$U$2004,">0",'سجل التحفيز'!$B$5:$B$2004,B102)) | G102: =IF(B102="","",COUNTIF($D$54:$D$203,">"&D102)+1) | H102: =IF(B102="","",INDEX(الموظفات!$L$5:$L$304,MATCH(B102,الموظفات!$B$5:$B$304,0))) | K102: =IF(49>$B$10,"",49) | L102: =IF($K102="","",INDEX('سجل التحفيز'!$A$5:$A$2004,MATCH($K102,'سجل التحفيز'!$U$5:$U$2004,0))) | M102: =IF($K102="","",INDEX('سجل التحفيز'!$B$5:$B$2004,MATCH($K102,'سجل التحفيز'!$U$5:$U$2004,0))) | N102: =IF($K102="","",INDEX('سجل التحفيز'!$M$5:$M$2004,MATCH($K102,'سجل التحفيز'!$U$5:$U$2004,0))) | O102: =IF($K102="","",INDEX('سجل التحفيز'!$C$5:$C$2004,MATCH($K102,'سجل التحفيز'!$U$5:$U$2004,0))) | P102: =IF($K102="","",INDEX('سجل التحفيز'!$D$5:$D$2004,MATCH($K102,'سجل التحفيز'!$U$5:$U$2004,0))) | Q102: =IF($K102="","",INDEX('سجل التحفيز'!$E$5:$E$2004,MATCH($K102,'سجل التحفيز'!$U$5:$U$2004,0))) | R102: =IF($K102="","",INDEX('سجل التحفيز'!$F$5:$F$2004,MATCH($K102,'سجل التحفيز'!$U$5:$U$2004,0))) | S102: =IF($K102="","",INDEX('سجل التحفيز'!$G$5:$G$2004,MATCH($K102,'سجل التحفيز'!$U$5:$U$2004,0)))
B103: =IFERROR(INDEX(الموظفات!$B$5:$B$304,MATCH(50,الموظفات!$O$5:$O$304,0)),"") | C103: =IF(B103="","",INDEX(الموظفات!$D$5:$D$304,MATCH(B103,الموظفات!$B$5:$B$304,0))&"") | D103: =IF(B103="","",COUNTIFS('سجل التحفيز'!$U$5:$U$2004,">0",'سجل التحفيز'!$B$5:$B$2004,B103)) | E103: =IF(B103="","",COUNTIFS('سجل التحفيز'!$U$5:$U$2004,">0",'سجل التحفيز'!$B$5:$B$2004,B103,'سجل التحفيز'!$D$5:$D$2004,"ذهبي")) | F103: =IF(B103="","",SUMIFS('سجل التحفيز'!$G$5:$G$2004,'سجل التحفيز'!$U$5:$U$2004,">0",'سجل التحفيز'!$B$5:$B$2004,B103)) | G103: =IF(B103="","",COUNTIF($D$54:$D$203,">"&D103)+1) | H103: =IF(B103="","",INDEX(الموظفات!$L$5:$L$304,MATCH(B103,الموظفات!$B$5:$B$304,0))) | K103: =IF(50>$B$10,"",50) | L103: =IF($K103="","",INDEX('سجل التحفيز'!$A$5:$A$2004,MATCH($K103,'سجل التحفيز'!$U$5:$U$2004,0))) | M103: =IF($K103="","",INDEX('سجل التحفيز'!$B$5:$B$2004,MATCH($K103,'سجل التحفيز'!$U$5:$U$2004,0))) | N103: =IF($K103="","",INDEX('سجل التحفيز'!$M$5:$M$2004,MATCH($K103,'سجل التحفيز'!$U$5:$U$2004,0))) | O103: =IF($K103="","",INDEX('سجل التحفيز'!$C$5:$C$2004,MATCH($K103,'سجل التحفيز'!$U$5:$U$2004,0))) | P103: =IF($K103="","",INDEX('سجل التحفيز'!$D$5:$D$2004,MATCH($K103,'سجل التحفيز'!$U$5:$U$2004,0))) | Q103: =IF($K103="","",INDEX('سجل التحفيز'!$E$5:$E$2004,MATCH($K103,'سجل التحفيز'!$U$5:$U$2004,0))) | R103: =IF($K103="","",INDEX('سجل التحفيز'!$F$5:$F$2004,MATCH($K103,'سجل التحفيز'!$U$5:$U$2004,0))) | S103: =IF($K103="","",INDEX('سجل التحفيز'!$G$5:$G$2004,MATCH($K103,'سجل التحفيز'!$U$5:$U$2004,0)))
B104: =IFERROR(INDEX(الموظفات!$B$5:$B$304,MATCH(51,الموظفات!$O$5:$O$304,0)),"") | C104: =IF(B104="","",INDEX(الموظفات!$D$5:$D$304,MATCH(B104,الموظفات!$B$5:$B$304,0))&"") | D104: =IF(B104="","",COUNTIFS('سجل التحفيز'!$U$5:$U$2004,">0",'سجل التحفيز'!$B$5:$B$2004,B104)) | E104: =IF(B104="","",COUNTIFS('سجل التحفيز'!$U$5:$U$2004,">0",'سجل التحفيز'!$B$5:$B$2004,B104,'سجل التحفيز'!$D$5:$D$2004,"ذهبي")) | F104: =IF(B104="","",SUMIFS('سجل التحفيز'!$G$5:$G$2004,'سجل التحفيز'!$U$5:$U$2004,">0",'سجل التحفيز'!$B$5:$B$2004,B104)) | G104: =IF(B104="","",COUNTIF($D$54:$D$203,">"&D104)+1) | H104: =IF(B104="","",INDEX(الموظفات!$L$5:$L$304,MATCH(B104,الموظفات!$B$5:$B$304,0))) | K104: =IF(51>$B$10,"",51) | L104: =IF($K104="","",INDEX('سجل التحفيز'!$A$5:$A$2004,MATCH($K104,'سجل التحفيز'!$U$5:$U$2004,0))) | M104: =IF($K104="","",INDEX('سجل التحفيز'!$B$5:$B$2004,MATCH($K104,'سجل التحفيز'!$U$5:$U$2004,0))) | N104: =IF($K104="","",INDEX('سجل التحفيز'!$M$5:$M$2004,MATCH($K104,'سجل التحفيز'!$U$5:$U$2004,0))) | O104: =IF($K104="","",INDEX('سجل التحفيز'!$C$5:$C$2004,MATCH($K104,'سجل التحفيز'!$U$5:$U$2004,0))) | P104: =IF($K104="","",INDEX('سجل التحفيز'!$D$5:$D$2004,MATCH($K104,'سجل التحفيز'!$U$5:$U$2004,0))) | Q104: =IF($K104="","",INDEX('سجل التحفيز'!$E$5:$E$2004,MATCH($K104,'سجل التحفيز'!$U$5:$U$2004,0))) | R104: =IF($K104="","",INDEX('سجل التحفيز'!$F$5:$F$2004,MATCH($K104,'سجل التحفيز'!$U$5:$U$2004,0))) | S104: =IF($K104="","",INDEX('سجل التحفيز'!$G$5:$G$2004,MATCH($K104,'سجل التحفيز'!$U$5:$U$2004,0)))
B105: =IFERROR(INDEX(الموظفات!$B$5:$B$304,MATCH(52,الموظفات!$O$5:$O$304,0)),"") | C105: =IF(B105="","",INDEX(الموظفات!$D$5:$D$304,MATCH(B105,الموظفات!$B$5:$B$304,0))&"") | D105: =IF(B105="","",COUNTIFS('سجل التحفيز'!$U$5:$U$2004,">0",'سجل التحفيز'!$B$5:$B$2004,B105)) | E105: =IF(B105="","",COUNTIFS('سجل التحفيز'!$U$5:$U$2004,">0",'سجل التحفيز'!$B$5:$B$2004,B105,'سجل التحفيز'!$D$5:$D$2004,"ذهبي")) | F105: =IF(B105="","",SUMIFS('سجل التحفيز'!$G$5:$G$2004,'سجل التحفيز'!$U$5:$U$2004,">0",'سجل التحفيز'!$B$5:$B$2004,B105)) | G105: =IF(B105="","",COUNTIF($D$54:$D$203,">"&D105)+1) | H105: =IF(B105="","",INDEX(الموظفات!$L$5:$L$304,MATCH(B105,الموظفات!$B$5:$B$304,0))) | K105: =IF(52>$B$10,"",52) | L105: =IF($K105="","",INDEX('سجل التحفيز'!$A$5:$A$2004,MATCH($K105,'سجل التحفيز'!$U$5:$U$2004,0))) | M105: =IF($K105="","",INDEX('سجل التحفيز'!$B$5:$B$2004,MATCH($K105,'سجل التحفيز'!$U$5:$U$2004,0))) | N105: =IF($K105="","",INDEX('سجل التحفيز'!$M$5:$M$2004,MATCH($K105,'سجل التحفيز'!$U$5:$U$2004,0))) | O105: =IF($K105="","",INDEX('سجل التحفيز'!$C$5:$C$2004,MATCH($K105,'سجل التحفيز'!$U$5:$U$2004,0))) | P105: =IF($K105="","",INDEX('سجل التحفيز'!$D$5:$D$2004,MATCH($K105,'سجل التحفيز'!$U$5:$U$2004,0))) | Q105: =IF($K105="","",INDEX('سجل التحفيز'!$E$5:$E$2004,MATCH($K105,'سجل التحفيز'!$U$5:$U$2004,0))) | R105: =IF($K105="","",INDEX('سجل التحفيز'!$F$5:$F$2004,MATCH($K105,'سجل التحفيز'!$U$5:$U$2004,0))) | S105: =IF($K105="","",INDEX('سجل التحفيز'!$G$5:$G$2004,MATCH($K105,'سجل التحفيز'!$U$5:$U$2004,0)))
B106: =IFERROR(INDEX(الموظفات!$B$5:$B$304,MATCH(53,الموظفات!$O$5:$O$304,0)),"") | C106: =IF(B106="","",INDEX(الموظفات!$D$5:$D$304,MATCH(B106,الموظفات!$B$5:$B$304,0))&"") | D106: =IF(B106="","",COUNTIFS('سجل التحفيز'!$U$5:$U$2004,">0",'سجل التحفيز'!$B$5:$B$2004,B106)) | E106: =IF(B106="","",COUNTIFS('سجل التحفيز'!$U$5:$U$2004,">0",'سجل التحفيز'!$B$5:$B$2004,B106,'سجل التحفيز'!$D$5:$D$2004,"ذهبي")) | F106: =IF(B106="","",SUMIFS('سجل التحفيز'!$G$5:$G$2004,'سجل التحفيز'!$U$5:$U$2004,">0",'سجل التحفيز'!$B$5:$B$2004,B106)) | G106: =IF(B106="","",COUNTIF($D$54:$D$203,">"&D106)+1) | H106: =IF(B106="","",INDEX(الموظفات!$L$5:$L$304,MATCH(B106,الموظفات!$B$5:$B$304,0))) | K106: =IF(53>$B$10,"",53) | L106: =IF($K106="","",INDEX('سجل التحفيز'!$A$5:$A$2004,MATCH($K106,'سجل التحفيز'!$U$5:$U$2004,0))) | M106: =IF($K106="","",INDEX('سجل التحفيز'!$B$5:$B$2004,MATCH($K106,'سجل التحفيز'!$U$5:$U$2004,0))) | N106: =IF($K106="","",INDEX('سجل التحفيز'!$M$5:$M$2004,MATCH($K106,'سجل التحفيز'!$U$5:$U$2004,0))) | O106: =IF($K106="","",INDEX('سجل التحفيز'!$C$5:$C$2004,MATCH($K106,'سجل التحفيز'!$U$5:$U$2004,0))) | P106: =IF($K106="","",INDEX('سجل التحفيز'!$D$5:$D$2004,MATCH($K106,'سجل التحفيز'!$U$5:$U$2004,0))) | Q106: =IF($K106="","",INDEX('سجل التحفيز'!$E$5:$E$2004,MATCH($K106,'سجل التحفيز'!$U$5:$U$2004,0))) | R106: =IF($K106="","",INDEX('سجل التحفيز'!$F$5:$F$2004,MATCH($K106,'سجل التحفيز'!$U$5:$U$2004,0))) | S106: =IF($K106="","",INDEX('سجل التحفيز'!$G$5:$G$2004,MATCH($K106,'سجل التحفيز'!$U$5:$U$2004,0)))
B107: =IFERROR(INDEX(الموظفات!$B$5:$B$304,MATCH(54,الموظفات!$O$5:$O$304,0)),"") | C107: =IF(B107="","",INDEX(الموظفات!$D$5:$D$304,MATCH(B107,الموظفات!$B$5:$B$304,0))&"") | D107: =IF(B107="","",COUNTIFS('سجل التحفيز'!$U$5:$U$2004,">0",'سجل التحفيز'!$B$5:$B$2004,B107)) | E107: =IF(B107="","",COUNTIFS('سجل التحفيز'!$U$5:$U$2004,">0",'سجل التحفيز'!$B$5:$B$2004,B107,'سجل التحفيز'!$D$5:$D$2004,"ذهبي")) | F107: =IF(B107="","",SUMIFS('سجل التحفيز'!$G$5:$G$2004,'سجل التحفيز'!$U$5:$U$2004,">0",'سجل التحفيز'!$B$5:$B$2004,B107)) | G107: =IF(B107="","",COUNTIF($D$54:$D$203,">"&D107)+1) | H107: =IF(B107="","",INDEX(الموظفات!$L$5:$L$304,MATCH(B107,الموظفات!$B$5:$B$304,0))) | K107: =IF(54>$B$10,"",54) | L107: =IF($K107="","",INDEX('سجل التحفيز'!$A$5:$A$2004,MATCH($K107,'سجل التحفيز'!$U$5:$U$2004,0))) | M107: =IF($K107="","",INDEX('سجل التحفيز'!$B$5:$B$2004,MATCH($K107,'سجل التحفيز'!$U$5:$U$2004,0))) | N107: =IF($K107="","",INDEX('سجل التحفيز'!$M$5:$M$2004,MATCH($K107,'سجل التحفيز'!$U$5:$U$2004,0))) | O107: =IF($K107="","",INDEX('سجل التحفيز'!$C$5:$C$2004,MATCH($K107,'سجل التحفيز'!$U$5:$U$2004,0))) | P107: =IF($K107="","",INDEX('سجل التحفيز'!$D$5:$D$2004,MATCH($K107,'سجل التحفيز'!$U$5:$U$2004,0))) | Q107: =IF($K107="","",INDEX('سجل التحفيز'!$E$5:$E$2004,MATCH($K107,'سجل التحفيز'!$U$5:$U$2004,0))) | R107: =IF($K107="","",INDEX('سجل التحفيز'!$F$5:$F$2004,MATCH($K107,'سجل التحفيز'!$U$5:$U$2004,0))) | S107: =IF($K107="","",INDEX('سجل التحفيز'!$G$5:$G$2004,MATCH($K107,'سجل التحفيز'!$U$5:$U$2004,0)))
B108: =IFERROR(INDEX(الموظفات!$B$5:$B$304,MATCH(55,الموظفات!$O$5:$O$304,0)),"") | C108: =IF(B108="","",INDEX(الموظفات!$D$5:$D$304,MATCH(B108,الموظفات!$B$5:$B$304,0))&"") | D108: =IF(B108="","",COUNTIFS('سجل التحفيز'!$U$5:$U$2004,">0",'سجل التحفيز'!$B$5:$B$2004,B108)) | E108: =IF(B108="","",COUNTIFS('سجل التحفيز'!$U$5:$U$2004,">0",'سجل التحفيز'!$B$5:$B$2004,B108,'سجل التحفيز'!$D$5:$D$2004,"ذهبي")) | F108: =IF(B108="","",SUMIFS('سجل التحفيز'!$G$5:$G$2004,'سجل التحفيز'!$U$5:$U$2004,">0",'سجل التحفيز'!$B$5:$B$2004,B108)) | G108: =IF(B108="","",COUNTIF($D$54:$D$203,">"&D108)+1) | H108: =IF(B108="","",INDEX(الموظفات!$L$5:$L$304,MATCH(B108,الموظفات!$B$5:$B$304,0))) | K108: =IF(55>$B$10,"",55) | L108: =IF($K108="","",INDEX('سجل التحفيز'!$A$5:$A$2004,MATCH($K108,'سجل التحفيز'!$U$5:$U$2004,0))) | M108: =IF($K108="","",INDEX('سجل التحفيز'!$B$5:$B$2004,MATCH($K108,'سجل التحفيز'!$U$5:$U$2004,0))) | N108: =IF($K108="","",INDEX('سجل التحفيز'!$M$5:$M$2004,MATCH($K108,'سجل التحفيز'!$U$5:$U$2004,0))) | O108: =IF($K108="","",INDEX('سجل التحفيز'!$C$5:$C$2004,MATCH($K108,'سجل التحفيز'!$U$5:$U$2004,0))) | P108: =IF($K108="","",INDEX('سجل التحفيز'!$D$5:$D$2004,MATCH($K108,'سجل التحفيز'!$U$5:$U$2004,0))) | Q108: =IF($K108="","",INDEX('سجل التحفيز'!$E$5:$E$2004,MATCH($K108,'سجل التحفيز'!$U$5:$U$2004,0))) | R108: =IF($K108="","",INDEX('سجل التحفيز'!$F$5:$F$2004,MATCH($K108,'سجل التحفيز'!$U$5:$U$2004,0))) | S108: =IF($K108="","",INDEX('سجل التحفيز'!$G$5:$G$2004,MATCH($K108,'سجل التحفيز'!$U$5:$U$2004,0)))
B109: =IFERROR(INDEX(الموظفات!$B$5:$B$304,MATCH(56,الموظفات!$O$5:$O$304,0)),"") | C109: =IF(B109="","",INDEX(الموظفات!$D$5:$D$304,MATCH(B109,الموظفات!$B$5:$B$304,0))&"") | D109: =IF(B109="","",COUNTIFS('سجل التحفيز'!$U$5:$U$2004,">0",'سجل التحفيز'!$B$5:$B$2004,B109)) | E109: =IF(B109="","",COUNTIFS('سجل التحفيز'!$U$5:$U$2004,">0",'سجل التحفيز'!$B$5:$B$2004,B109,'سجل التحفيز'!$D$5:$D$2004,"ذهبي")) | F109: =IF(B109="","",SUMIFS('سجل التحفيز'!$G$5:$G$2004,'سجل التحفيز'!$U$5:$U$2004,">0",'سجل التحفيز'!$B$5:$B$2004,B109)) | G109: =IF(B109="","",COUNTIF($D$54:$D$203,">"&D109)+1) | H109: =IF(B109="","",INDEX(الموظفات!$L$5:$L$304,MATCH(B109,الموظفات!$B$5:$B$304,0))) | K109: =IF(56>$B$10,"",56) | L109: =IF($K109="","",INDEX('سجل التحفيز'!$A$5:$A$2004,MATCH($K109,'سجل التحفيز'!$U$5:$U$2004,0))) | M109: =IF($K109="","",INDEX('سجل التحفيز'!$B$5:$B$2004,MATCH($K109,'سجل التحفيز'!$U$5:$U$2004,0))) | N109: =IF($K109="","",INDEX('سجل التحفيز'!$M$5:$M$2004,MATCH($K109,'سجل التحفيز'!$U$5:$U$2004,0))) | O109: =IF($K109="","",INDEX('سجل التحفيز'!$C$5:$C$2004,MATCH($K109,'سجل التحفيز'!$U$5:$U$2004,0))) | P109: =IF($K109="","",INDEX('سجل التحفيز'!$D$5:$D$2004,MATCH($K109,'سجل التحفيز'!$U$5:$U$2004,0))) | Q109: =IF($K109="","",INDEX('سجل التحفيز'!$E$5:$E$2004,MATCH($K109,'سجل التحفيز'!$U$5:$U$2004,0))) | R109: =IF($K109="","",INDEX('سجل التحفيز'!$F$5:$F$2004,MATCH($K109,'سجل التحفيز'!$U$5:$U$2004,0))) | S109: =IF($K109="","",INDEX('سجل التحفيز'!$G$5:$G$2004,MATCH($K109,'سجل التحفيز'!$U$5:$U$2004,0)))
B110: =IFERROR(INDEX(الموظفات!$B$5:$B$304,MATCH(57,الموظفات!$O$5:$O$304,0)),"") | C110: =IF(B110="","",INDEX(الموظفات!$D$5:$D$304,MATCH(B110,الموظفات!$B$5:$B$304,0))&"") | D110: =IF(B110="","",COUNTIFS('سجل التحفيز'!$U$5:$U$2004,">0",'سجل التحفيز'!$B$5:$B$2004,B110)) | E110: =IF(B110="","",COUNTIFS('سجل التحفيز'!$U$5:$U$2004,">0",'سجل التحفيز'!$B$5:$B$2004,B110,'سجل التحفيز'!$D$5:$D$2004,"ذهبي")) | F110: =IF(B110="","",SUMIFS('سجل التحفيز'!$G$5:$G$2004,'سجل التحفيز'!$U$5:$U$2004,">0",'سجل التحفيز'!$B$5:$B$2004,B110)) | G110: =IF(B110="","",COUNTIF($D$54:$D$203,">"&D110)+1) | H110: =IF(B110="","",INDEX(الموظفات!$L$5:$L$304,MATCH(B110,الموظفات!$B$5:$B$304,0))) | K110: =IF(57>$B$10,"",57) | L110: =IF($K110="","",INDEX('سجل التحفيز'!$A$5:$A$2004,MATCH($K110,'سجل التحفيز'!$U$5:$U$2004,0))) | M110: =IF($K110="","",INDEX('سجل التحفيز'!$B$5:$B$2004,MATCH($K110,'سجل التحفيز'!$U$5:$U$2004,0))) | N110: =IF($K110="","",INDEX('سجل التحفيز'!$M$5:$M$2004,MATCH($K110,'سجل التحفيز'!$U$5:$U$2004,0))) | O110: =IF($K110="","",INDEX('سجل التحفيز'!$C$5:$C$2004,MATCH($K110,'سجل التحفيز'!$U$5:$U$2004,0))) | P110: =IF($K110="","",INDEX('سجل التحفيز'!$D$5:$D$2004,MATCH($K110,'سجل التحفيز'!$U$5:$U$2004,0))) | Q110: =IF($K110="","",INDEX('سجل التحفيز'!$E$5:$E$2004,MATCH($K110,'سجل التحفيز'!$U$5:$U$2004,0))) | R110: =IF($K110="","",INDEX('سجل التحفيز'!$F$5:$F$2004,MATCH($K110,'سجل التحفيز'!$U$5:$U$2004,0))) | S110: =IF($K110="","",INDEX('سجل التحفيز'!$G$5:$G$2004,MATCH($K110,'سجل التحفيز'!$U$5:$U$2004,0)))
B111: =IFERROR(INDEX(الموظفات!$B$5:$B$304,MATCH(58,الموظفات!$O$5:$O$304,0)),"") | C111: =IF(B111="","",INDEX(الموظفات!$D$5:$D$304,MATCH(B111,الموظفات!$B$5:$B$304,0))&"") | D111: =IF(B111="","",COUNTIFS('سجل التحفيز'!$U$5:$U$2004,">0",'سجل التحفيز'!$B$5:$B$2004,B111)) | E111: =IF(B111="","",COUNTIFS('سجل التحفيز'!$U$5:$U$2004,">0",'سجل التحفيز'!$B$5:$B$2004,B111,'سجل التحفيز'!$D$5:$D$2004,"ذهبي")) | F111: =IF(B111="","",SUMIFS('سجل التحفيز'!$G$5:$G$2004,'سجل التحفيز'!$U$5:$U$2004,">0",'سجل التحفيز'!$B$5:$B$2004,B111)) | G111: =IF(B111="","",COUNTIF($D$54:$D$203,">"&D111)+1) | H111: =IF(B111="","",INDEX(الموظفات!$L$5:$L$304,MATCH(B111,الموظفات!$B$5:$B$304,0))) | K111: =IF(58>$B$10,"",58) | L111: =IF($K111="","",INDEX('سجل التحفيز'!$A$5:$A$2004,MATCH($K111,'سجل التحفيز'!$U$5:$U$2004,0))) | M111: =IF($K111="","",INDEX('سجل التحفيز'!$B$5:$B$2004,MATCH($K111,'سجل التحفيز'!$U$5:$U$2004,0))) | N111: =IF($K111="","",INDEX('سجل التحفيز'!$M$5:$M$2004,MATCH($K111,'سجل التحفيز'!$U$5:$U$2004,0))) | O111: =IF($K111="","",INDEX('سجل التحفيز'!$C$5:$C$2004,MATCH($K111,'سجل التحفيز'!$U$5:$U$2004,0))) | P111: =IF($K111="","",INDEX('سجل التحفيز'!$D$5:$D$2004,MATCH($K111,'سجل التحفيز'!$U$5:$U$2004,0))) | Q111: =IF($K111="","",INDEX('سجل التحفيز'!$E$5:$E$2004,MATCH($K111,'سجل التحفيز'!$U$5:$U$2004,0))) | R111: =IF($K111="","",INDEX('سجل التحفيز'!$F$5:$F$2004,MATCH($K111,'سجل التحفيز'!$U$5:$U$2004,0))) | S111: =IF($K111="","",INDEX('سجل التحفيز'!$G$5:$G$2004,MATCH($K111,'سجل التحفيز'!$U$5:$U$2004,0)))
B112: =IFERROR(INDEX(الموظفات!$B$5:$B$304,MATCH(59,الموظفات!$O$5:$O$304,0)),"") | C112: =IF(B112="","",INDEX(الموظفات!$D$5:$D$304,MATCH(B112,الموظفات!$B$5:$B$304,0))&"") | D112: =IF(B112="","",COUNTIFS('سجل التحفيز'!$U$5:$U$2004,">0",'سجل التحفيز'!$B$5:$B$2004,B112)) | E112: =IF(B112="","",COUNTIFS('سجل التحفيز'!$U$5:$U$2004,">0",'سجل التحفيز'!$B$5:$B$2004,B112,'سجل التحفيز'!$D$5:$D$2004,"ذهبي")) | F112: =IF(B112="","",SUMIFS('سجل التحفيز'!$G$5:$G$2004,'سجل التحفيز'!$U$5:$U$2004,">0",'سجل التحفيز'!$B$5:$B$2004,B112)) | G112: =IF(B112="","",COUNTIF($D$54:$D$203,">"&D112)+1) | H112: =IF(B112="","",INDEX(الموظفات!$L$5:$L$304,MATCH(B112,الموظفات!$B$5:$B$304,0))) | K112: =IF(59>$B$10,"",59) | L112: =IF($K112="","",INDEX('سجل التحفيز'!$A$5:$A$2004,MATCH($K112,'سجل التحفيز'!$U$5:$U$2004,0))) | M112: =IF($K112="","",INDEX('سجل التحفيز'!$B$5:$B$2004,MATCH($K112,'سجل التحفيز'!$U$5:$U$2004,0))) | N112: =IF($K112="","",INDEX('سجل التحفيز'!$M$5:$M$2004,MATCH($K112,'سجل التحفيز'!$U$5:$U$2004,0))) | O112: =IF($K112="","",INDEX('سجل التحفيز'!$C$5:$C$2004,MATCH($K112,'سجل التحفيز'!$U$5:$U$2004,0))) | P112: =IF($K112="","",INDEX('سجل التحفيز'!$D$5:$D$2004,MATCH($K112,'سجل التحفيز'!$U$5:$U$2004,0))) | Q112: =IF($K112="","",INDEX('سجل التحفيز'!$E$5:$E$2004,MATCH($K112,'سجل التحفيز'!$U$5:$U$2004,0))) | R112: =IF($K112="","",INDEX('سجل التحفيز'!$F$5:$F$2004,MATCH($K112,'سجل التحفيز'!$U$5:$U$2004,0))) | S112: =IF($K112="","",INDEX('سجل التحفيز'!$G$5:$G$2004,MATCH($K112,'سجل التحفيز'!$U$5:$U$2004,0)))
B113: =IFERROR(INDEX(الموظفات!$B$5:$B$304,MATCH(60,الموظفات!$O$5:$O$304,0)),"") | C113: =IF(B113="","",INDEX(الموظفات!$D$5:$D$304,MATCH(B113,الموظفات!$B$5:$B$304,0))&"") | D113: =IF(B113="","",COUNTIFS('سجل التحفيز'!$U$5:$U$2004,">0",'سجل التحفيز'!$B$5:$B$2004,B113)) | E113: =IF(B113="","",COUNTIFS('سجل التحفيز'!$U$5:$U$2004,">0",'سجل التحفيز'!$B$5:$B$2004,B113,'سجل التحفيز'!$D$5:$D$2004,"ذهبي")) | F113: =IF(B113="","",SUMIFS('سجل التحفيز'!$G$5:$G$2004,'سجل التحفيز'!$U$5:$U$2004,">0",'سجل التحفيز'!$B$5:$B$2004,B113)) | G113: =IF(B113="","",COUNTIF($D$54:$D$203,">"&D113)+1) | H113: =IF(B113="","",INDEX(الموظفات!$L$5:$L$304,MATCH(B113,الموظفات!$B$5:$B$304,0))) | K113: =IF(60>$B$10,"",60) | L113: =IF($K113="","",INDEX('سجل التحفيز'!$A$5:$A$2004,MATCH($K113,'سجل التحفيز'!$U$5:$U$2004,0))) | M113: =IF($K113="","",INDEX('سجل التحفيز'!$B$5:$B$2004,MATCH($K113,'سجل التحفيز'!$U$5:$U$2004,0))) | N113: =IF($K113="","",INDEX('سجل التحفيز'!$M$5:$M$2004,MATCH($K113,'سجل التحفيز'!$U$5:$U$2004,0))) | O113: =IF($K113="","",INDEX('سجل التحفيز'!$C$5:$C$2004,MATCH($K113,'سجل التحفيز'!$U$5:$U$2004,0))) | P113: =IF($K113="","",INDEX('سجل التحفيز'!$D$5:$D$2004,MATCH($K113,'سجل التحفيز'!$U$5:$U$2004,0))) | Q113: =IF($K113="","",INDEX('سجل التحفيز'!$E$5:$E$2004,MATCH($K113,'سجل التحفيز'!$U$5:$U$2004,0))) | R113: =IF($K113="","",INDEX('سجل التحفيز'!$F$5:$F$2004,MATCH($K113,'سجل التحفيز'!$U$5:$U$2004,0))) | S113: =IF($K113="","",INDEX('سجل التحفيز'!$G$5:$G$2004,MATCH($K113,'سجل التحفيز'!$U$5:$U$2004,0)))
B114: =IFERROR(INDEX(الموظفات!$B$5:$B$304,MATCH(61,الموظفات!$O$5:$O$304,0)),"") | C114: =IF(B114="","",INDEX(الموظفات!$D$5:$D$304,MATCH(B114,الموظفات!$B$5:$B$304,0))&"") | D114: =IF(B114="","",COUNTIFS('سجل التحفيز'!$U$5:$U$2004,">0",'سجل التحفيز'!$B$5:$B$2004,B114)) | E114: =IF(B114="","",COUNTIFS('سجل التحفيز'!$U$5:$U$2004,">0",'سجل التحفيز'!$B$5:$B$2004,B114,'سجل التحفيز'!$D$5:$D$2004,"ذهبي")) | F114: =IF(B114="","",SUMIFS('سجل التحفيز'!$G$5:$G$2004,'سجل التحفيز'!$U$5:$U$2004,">0",'سجل التحفيز'!$B$5:$B$2004,B114)) | G114: =IF(B114="","",COUNTIF($D$54:$D$203,">"&D114)+1) | H114: =IF(B114="","",INDEX(الموظفات!$L$5:$L$304,MATCH(B114,الموظفات!$B$5:$B$304,0))) | K114: =IF(61>$B$10,"",61) | L114: =IF($K114="","",INDEX('سجل التحفيز'!$A$5:$A$2004,MATCH($K114,'سجل التحفيز'!$U$5:$U$2004,0))) | M114: =IF($K114="","",INDEX('سجل التحفيز'!$B$5:$B$2004,MATCH($K114,'سجل التحفيز'!$U$5:$U$2004,0))) | N114: =IF($K114="","",INDEX('سجل التحفيز'!$M$5:$M$2004,MATCH($K114,'سجل التحفيز'!$U$5:$U$2004,0))) | O114: =IF($K114="","",INDEX('سجل التحفيز'!$C$5:$C$2004,MATCH($K114,'سجل التحفيز'!$U$5:$U$2004,0))) | P114: =IF($K114="","",INDEX('سجل التحفيز'!$D$5:$D$2004,MATCH($K114,'سجل التحفيز'!$U$5:$U$2004,0))) | Q114: =IF($K114="","",INDEX('سجل التحفيز'!$E$5:$E$2004,MATCH($K114,'سجل التحفيز'!$U$5:$U$2004,0))) | R114: =IF($K114="","",INDEX('سجل التحفيز'!$F$5:$F$2004,MATCH($K114,'سجل التحفيز'!$U$5:$U$2004,0))) | S114: =IF($K114="","",INDEX('سجل التحفيز'!$G$5:$G$2004,MATCH($K114,'سجل التحفيز'!$U$5:$U$2004,0)))
B115: =IFERROR(INDEX(الموظفات!$B$5:$B$304,MATCH(62,الموظفات!$O$5:$O$304,0)),"") | C115: =IF(B115="","",INDEX(الموظفات!$D$5:$D$304,MATCH(B115,الموظفات!$B$5:$B$304,0))&"") | D115: =IF(B115="","",COUNTIFS('سجل التحفيز'!$U$5:$U$2004,">0",'سجل التحفيز'!$B$5:$B$2004,B115)) | E115: =IF(B115="","",COUNTIFS('سجل التحفيز'!$U$5:$U$2004,">0",'سجل التحفيز'!$B$5:$B$2004,B115,'سجل التحفيز'!$D$5:$D$2004,"ذهبي")) | F115: =IF(B115="","",SUMIFS('سجل التحفيز'!$G$5:$G$2004,'سجل التحفيز'!$U$5:$U$2004,">0",'سجل التحفيز'!$B$5:$B$2004,B115)) | G115: =IF(B115="","",COUNTIF($D$54:$D$203,">"&D115)+1) | H115: =IF(B115="","",INDEX(الموظفات!$L$5:$L$304,MATCH(B115,الموظفات!$B$5:$B$304,0))) | K115: =IF(62>$B$10,"",62) | L115: =IF($K115="","",INDEX('سجل التحفيز'!$A$5:$A$2004,MATCH($K115,'سجل التحفيز'!$U$5:$U$2004,0))) | M115: =IF($K115="","",INDEX('سجل التحفيز'!$B$5:$B$2004,MATCH($K115,'سجل التحفيز'!$U$5:$U$2004,0))) | N115: =IF($K115="","",INDEX('سجل التحفيز'!$M$5:$M$2004,MATCH($K115,'سجل التحفيز'!$U$5:$U$2004,0))) | O115: =IF($K115="","",INDEX('سجل التحفيز'!$C$5:$C$2004,MATCH($K115,'سجل التحفيز'!$U$5:$U$2004,0))) | P115: =IF($K115="","",INDEX('سجل التحفيز'!$D$5:$D$2004,MATCH($K115,'سجل التحفيز'!$U$5:$U$2004,0))) | Q115: =IF($K115="","",INDEX('سجل التحفيز'!$E$5:$E$2004,MATCH($K115,'سجل التحفيز'!$U$5:$U$2004,0))) | R115: =IF($K115="","",INDEX('سجل التحفيز'!$F$5:$F$2004,MATCH($K115,'سجل التحفيز'!$U$5:$U$2004,0))) | S115: =IF($K115="","",INDEX('سجل التحفيز'!$G$5:$G$2004,MATCH($K115,'سجل التحفيز'!$U$5:$U$2004,0)))
B116: =IFERROR(INDEX(الموظفات!$B$5:$B$304,MATCH(63,الموظفات!$O$5:$O$304,0)),"") | C116: =IF(B116="","",INDEX(الموظفات!$D$5:$D$304,MATCH(B116,الموظفات!$B$5:$B$304,0))&"") | D116: =IF(B116="","",COUNTIFS('سجل التحفيز'!$U$5:$U$2004,">0",'سجل التحفيز'!$B$5:$B$2004,B116)) | E116: =IF(B116="","",COUNTIFS('سجل التحفيز'!$U$5:$U$2004,">0",'سجل التحفيز'!$B$5:$B$2004,B116,'سجل التحفيز'!$D$5:$D$2004,"ذهبي")) | F116: =IF(B116="","",SUMIFS('سجل التحفيز'!$G$5:$G$2004,'سجل التحفيز'!$U$5:$U$2004,">0",'سجل التحفيز'!$B$5:$B$2004,B116)) | G116: =IF(B116="","",COUNTIF($D$54:$D$203,">"&D116)+1) | H116: =IF(B116="","",INDEX(الموظفات!$L$5:$L$304,MATCH(B116,الموظفات!$B$5:$B$304,0))) | K116: =IF(63>$B$10,"",63) | L116: =IF($K116="","",INDEX('سجل التحفيز'!$A$5:$A$2004,MATCH($K116,'سجل التحفيز'!$U$5:$U$2004,0))) | M116: =IF($K116="","",INDEX('سجل التحفيز'!$B$5:$B$2004,MATCH($K116,'سجل التحفيز'!$U$5:$U$2004,0))) | N116: =IF($K116="","",INDEX('سجل التحفيز'!$M$5:$M$2004,MATCH($K116,'سجل التحفيز'!$U$5:$U$2004,0))) | O116: =IF($K116="","",INDEX('سجل التحفيز'!$C$5:$C$2004,MATCH($K116,'سجل التحفيز'!$U$5:$U$2004,0))) | P116: =IF($K116="","",INDEX('سجل التحفيز'!$D$5:$D$2004,MATCH($K116,'سجل التحفيز'!$U$5:$U$2004,0))) | Q116: =IF($K116="","",INDEX('سجل التحفيز'!$E$5:$E$2004,MATCH($K116,'سجل التحفيز'!$U$5:$U$2004,0))) | R116: =IF($K116="","",INDEX('سجل التحفيز'!$F$5:$F$2004,MATCH($K116,'سجل التحفيز'!$U$5:$U$2004,0))) | S116: =IF($K116="","",INDEX('سجل التحفيز'!$G$5:$G$2004,MATCH($K116,'سجل التحفيز'!$U$5:$U$2004,0)))
B117: =IFERROR(INDEX(الموظفات!$B$5:$B$304,MATCH(64,الموظفات!$O$5:$O$304,0)),"") | C117: =IF(B117="","",INDEX(الموظفات!$D$5:$D$304,MATCH(B117,الموظفات!$B$5:$B$304,0))&"") | D117: =IF(B117="","",COUNTIFS('سجل التحفيز'!$U$5:$U$2004,">0",'سجل التحفيز'!$B$5:$B$2004,B117)) | E117: =IF(B117="","",COUNTIFS('سجل التحفيز'!$U$5:$U$2004,">0",'سجل التحفيز'!$B$5:$B$2004,B117,'سجل التحفيز'!$D$5:$D$2004,"ذهبي")) | F117: =IF(B117="","",SUMIFS('سجل التحفيز'!$G$5:$G$2004,'سجل التحفيز'!$U$5:$U$2004,">0",'سجل التحفيز'!$B$5:$B$2004,B117)) | G117: =IF(B117="","",COUNTIF($D$54:$D$203,">"&D117)+1) | H117: =IF(B117="","",INDEX(الموظفات!$L$5:$L$304,MATCH(B117,الموظفات!$B$5:$B$304,0))) | K117: =IF(64>$B$10,"",64) | L117: =IF($K117="","",INDEX('سجل التحفيز'!$A$5:$A$2004,MATCH($K117,'سجل التحفيز'!$U$5:$U$2004,0))) | M117: =IF($K117="","",INDEX('سجل التحفيز'!$B$5:$B$2004,MATCH($K117,'سجل التحفيز'!$U$5:$U$2004,0))) | N117: =IF($K117="","",INDEX('سجل التحفيز'!$M$5:$M$2004,MATCH($K117,'سجل التحفيز'!$U$5:$U$2004,0))) | O117: =IF($K117="","",INDEX('سجل التحفيز'!$C$5:$C$2004,MATCH($K117,'سجل التحفيز'!$U$5:$U$2004,0))) | P117: =IF($K117="","",INDEX('سجل التحفيز'!$D$5:$D$2004,MATCH($K117,'سجل التحفيز'!$U$5:$U$2004,0))) | Q117: =IF($K117="","",INDEX('سجل التحفيز'!$E$5:$E$2004,MATCH($K117,'سجل التحفيز'!$U$5:$U$2004,0))) | R117: =IF($K117="","",INDEX('سجل التحفيز'!$F$5:$F$2004,MATCH($K117,'سجل التحفيز'!$U$5:$U$2004,0))) | S117: =IF($K117="","",INDEX('سجل التحفيز'!$G$5:$G$2004,MATCH($K117,'سجل التحفيز'!$U$5:$U$2004,0)))
B118: =IFERROR(INDEX(الموظفات!$B$5:$B$304,MATCH(65,الموظفات!$O$5:$O$304,0)),"") | C118: =IF(B118="","",INDEX(الموظفات!$D$5:$D$304,MATCH(B118,الموظفات!$B$5:$B$304,0))&"") | D118: =IF(B118="","",COUNTIFS('سجل التحفيز'!$U$5:$U$2004,">0",'سجل التحفيز'!$B$5:$B$2004,B118)) | E118: =IF(B118="","",COUNTIFS('سجل التحفيز'!$U$5:$U$2004,">0",'سجل التحفيز'!$B$5:$B$2004,B118,'سجل التحفيز'!$D$5:$D$2004,"ذهبي")) | F118: =IF(B118="","",SUMIFS('سجل التحفيز'!$G$5:$G$2004,'سجل التحفيز'!$U$5:$U$2004,">0",'سجل التحفيز'!$B$5:$B$2004,B118)) | G118: =IF(B118="","",COUNTIF($D$54:$D$203,">"&D118)+1) | H118: =IF(B118="","",INDEX(الموظفات!$L$5:$L$304,MATCH(B118,الموظفات!$B$5:$B$304,0))) | K118: =IF(65>$B$10,"",65) | L118: =IF($K118="","",INDEX('سجل التحفيز'!$A$5:$A$2004,MATCH($K118,'سجل التحفيز'!$U$5:$U$2004,0))) | M118: =IF($K118="","",INDEX('سجل التحفيز'!$B$5:$B$2004,MATCH($K118,'سجل التحفيز'!$U$5:$U$2004,0))) | N118: =IF($K118="","",INDEX('سجل التحفيز'!$M$5:$M$2004,MATCH($K118,'سجل التحفيز'!$U$5:$U$2004,0))) | O118: =IF($K118="","",INDEX('سجل التحفيز'!$C$5:$C$2004,MATCH($K118,'سجل التحفيز'!$U$5:$U$2004,0))) | P118: =IF($K118="","",INDEX('سجل التحفيز'!$D$5:$D$2004,MATCH($K118,'سجل التحفيز'!$U$5:$U$2004,0))) | Q118: =IF($K118="","",INDEX('سجل التحفيز'!$E$5:$E$2004,MATCH($K118,'سجل التحفيز'!$U$5:$U$2004,0))) | R118: =IF($K118="","",INDEX('سجل التحفيز'!$F$5:$F$2004,MATCH($K118,'سجل التحفيز'!$U$5:$U$2004,0))) | S118: =IF($K118="","",INDEX('سجل التحفيز'!$G$5:$G$2004,MATCH($K118,'سجل التحفيز'!$U$5:$U$2004,0)))
B119: =IFERROR(INDEX(الموظفات!$B$5:$B$304,MATCH(66,الموظفات!$O$5:$O$304,0)),"") | C119: =IF(B119="","",INDEX(الموظفات!$D$5:$D$304,MATCH(B119,الموظفات!$B$5:$B$304,0))&"") | D119: =IF(B119="","",COUNTIFS('سجل التحفيز'!$U$5:$U$2004,">0",'سجل التحفيز'!$B$5:$B$2004,B119)) | E119: =IF(B119="","",COUNTIFS('سجل التحفيز'!$U$5:$U$2004,">0",'سجل التحفيز'!$B$5:$B$2004,B119,'سجل التحفيز'!$D$5:$D$2004,"ذهبي")) | F119: =IF(B119="","",SUMIFS('سجل التحفيز'!$G$5:$G$2004,'سجل التحفيز'!$U$5:$U$2004,">0",'سجل التحفيز'!$B$5:$B$2004,B119)) | G119: =IF(B119="","",COUNTIF($D$54:$D$203,">"&D119)+1) | H119: =IF(B119="","",INDEX(الموظفات!$L$5:$L$304,MATCH(B119,الموظفات!$B$5:$B$304,0))) | K119: =IF(66>$B$10,"",66) | L119: =IF($K119="","",INDEX('سجل التحفيز'!$A$5:$A$2004,MATCH($K119,'سجل التحفيز'!$U$5:$U$2004,0))) | M119: =IF($K119="","",INDEX('سجل التحفيز'!$B$5:$B$2004,MATCH($K119,'سجل التحفيز'!$U$5:$U$2004,0))) | N119: =IF($K119="","",INDEX('سجل التحفيز'!$M$5:$M$2004,MATCH($K119,'سجل التحفيز'!$U$5:$U$2004,0))) | O119: =IF($K119="","",INDEX('سجل التحفيز'!$C$5:$C$2004,MATCH($K119,'سجل التحفيز'!$U$5:$U$2004,0))) | P119: =IF($K119="","",INDEX('سجل التحفيز'!$D$5:$D$2004,MATCH($K119,'سجل التحفيز'!$U$5:$U$2004,0))) | Q119: =IF($K119="","",INDEX('سجل التحفيز'!$E$5:$E$2004,MATCH($K119,'سجل التحفيز'!$U$5:$U$2004,0))) | R119: =IF($K119="","",INDEX('سجل التحفيز'!$F$5:$F$2004,MATCH($K119,'سجل التحفيز'!$U$5:$U$2004,0))) | S119: =IF($K119="","",INDEX('سجل التحفيز'!$G$5:$G$2004,MATCH($K119,'سجل التحفيز'!$U$5:$U$2004,0)))
B120: =IFERROR(INDEX(الموظفات!$B$5:$B$304,MATCH(67,الموظفات!$O$5:$O$304,0)),"") | C120: =IF(B120="","",INDEX(الموظفات!$D$5:$D$304,MATCH(B120,الموظفات!$B$5:$B$304,0))&"") | D120: =IF(B120="","",COUNTIFS('سجل التحفيز'!$U$5:$U$2004,">0",'سجل التحفيز'!$B$5:$B$2004,B120)) | E120: =IF(B120="","",COUNTIFS('سجل التحفيز'!$U$5:$U$2004,">0",'سجل التحفيز'!$B$5:$B$2004,B120,'سجل التحفيز'!$D$5:$D$2004,"ذهبي")) | F120: =IF(B120="","",SUMIFS('سجل التحفيز'!$G$5:$G$2004,'سجل التحفيز'!$U$5:$U$2004,">0",'سجل التحفيز'!$B$5:$B$2004,B120)) | G120: =IF(B120="","",COUNTIF($D$54:$D$203,">"&D120)+1) | H120: =IF(B120="","",INDEX(الموظفات!$L$5:$L$304,MATCH(B120,الموظفات!$B$5:$B$304,0))) | K120: =IF(67>$B$10,"",67) | L120: =IF($K120="","",INDEX('سجل التحفيز'!$A$5:$A$2004,MATCH($K120,'سجل التحفيز'!$U$5:$U$2004,0))) | M120: =IF($K120="","",INDEX('سجل التحفيز'!$B$5:$B$2004,MATCH($K120,'سجل التحفيز'!$U$5:$U$2004,0))) | N120: =IF($K120="","",INDEX('سجل التحفيز'!$M$5:$M$2004,MATCH($K120,'سجل التحفيز'!$U$5:$U$2004,0))) | O120: =IF($K120="","",INDEX('سجل التحفيز'!$C$5:$C$2004,MATCH($K120,'سجل التحفيز'!$U$5:$U$2004,0))) | P120: =IF($K120="","",INDEX('سجل التحفيز'!$D$5:$D$2004,MATCH($K120,'سجل التحفيز'!$U$5:$U$2004,0))) | Q120: =IF($K120="","",INDEX('سجل التحفيز'!$E$5:$E$2004,MATCH($K120,'سجل التحفيز'!$U$5:$U$2004,0))) | R120: =IF($K120="","",INDEX('سجل التحفيز'!$F$5:$F$2004,MATCH($K120,'سجل التحفيز'!$U$5:$U$2004,0))) | S120: =IF($K120="","",INDEX('سجل التحفيز'!$G$5:$G$2004,MATCH($K120,'سجل التحفيز'!$U$5:$U$2004,0)))
...

Sheet تقرير الفصل الثاني
A1: تقرير الفصل الثاني
A2: يشمل: يناير – فبراير – مارس – أبريل – مايو — للسنة الدراسية الحالية (الخلية C4).
B4: السنة الدراسية | C4: =الإعدادات!$B$4 | E4: ="فترة التقرير: "&IF(C5="سنوي","السنة الدراسية "&C4,IF(C5="شهري","شهر "&C6&" — "&C4,C7&" — "&C4))
B5: نوع التقرير | C5: فصلي
B6: الشهر | C6: — | E6: ="مديرة المدرسة: "&الإعدادات!$B$39&" · النائبة الأكاديمية: "&الإعدادات!$B$40&" · النائبة الإدارية: "&الإعدادات!$B$41
B7: الفصل الدراسي | C7: الفصل الثاني
B9: عدد التكريمات | C9: موظفات مُكرَّمات | D9: معايير ذهبية | E9: معايير أساسية | F9: القيمة المادية (ر.ق) | G9: مستحقات أمري تدللي (السنة)
B10: =COUNT('سجل التحفيز'!$V$5:$V$2004) | C10: =COUNT(الموظفات!$P$5:$P$304) | D10: =COUNTIFS('سجل التحفيز'!$V$5:$V$2004,">0",'سجل التحفيز'!$D$5:$D$2004,"ذهبي") | E10: =COUNTIFS('سجل التحفيز'!$V$5:$V$2004,">0",'سجل التحفيز'!$D$5:$D$2004,"أساسي") | F10: =SUMIFS('سجل التحفيز'!$G$5:$G$2004,'سجل التحفيز'!$V$5:$V$2004,">0") | G10: =COUNTIF(الموظفات!$L$5:$L$304,"مستحقة ★")
B12: التكريمات حسب المجال
B13: المجال | C13: أساسي | D13: ذهبي | E13: الإجمالي | F13: القيمة (ر.ق)
B14: =الإعدادات!A7 | C14: =COUNTIFS('سجل التحفيز'!$V$5:$V$2004,">0",'سجل التحفيز'!$C$5:$C$2004,B14,'سجل التحفيز'!$D$5:$D$2004,"أساسي") | D14: =COUNTIFS('سجل التحفيز'!$V$5:$V$2004,">0",'سجل التحفيز'!$C$5:$C$2004,B14,'سجل التحفيز'!$D$5:$D$2004,"ذهبي") | E14: =C14+D14 | F14: =SUMIFS('سجل التحفيز'!$G$5:$G$2004,'سجل التحفيز'!$V$5:$V$2004,">0",'سجل التحفيز'!$C$5:$C$2004,B14)
B15: =الإعدادات!A8 | C15: =COUNTIFS('سجل التحفيز'!$V$5:$V$2004,">0",'سجل التحفيز'!$C$5:$C$2004,B15,'سجل التحفيز'!$D$5:$D$2004,"أساسي") | D15: =COUNTIFS('سجل التحفيز'!$V$5:$V$2004,">0",'سجل التحفيز'!$C$5:$C$2004,B15,'سجل التحفيز'!$D$5:$D$2004,"ذهبي") | E15: =C15+D15 | F15: =SUMIFS('سجل التحفيز'!$G$5:$G$2004,'سجل التحفيز'!$V$5:$V$2004,">0",'سجل التحفيز'!$C$5:$C$2004,B15)
B16: =الإعدادات!A9 | C16: =COUNTIFS('سجل التحفيز'!$V$5:$V$2004,">0",'سجل التحفيز'!$C$5:$C$2004,B16,'سجل التحفيز'!$D$5:$D$2004,"أساسي") | D16: =COUNTIFS('سجل التحفيز'!$V$5:$V$2004,">0",'سجل التحفيز'!$C$5:$C$2004,B16,'سجل التحفيز'!$D$5:$D$2004,"ذهبي") | E16: =C16+D16 | F16: =SUMIFS('سجل التحفيز'!$G$5:$G$2004,'سجل التحفيز'!$V$5:$V$2004,">0",'سجل التحفيز'!$C$5:$C$2004,B16)
B17: =الإعدادات!A10 | C17: =COUNTIFS('سجل التحفيز'!$V$5:$V$2004,">0",'سجل التحفيز'!$C$5:$C$2004,B17,'سجل التحفيز'!$D$5:$D$2004,"أساسي") | D17: =COUNTIFS('سجل التحفيز'!$V$5:$V$2004,">0",'سجل التحفيز'!$C$5:$C$2004,B17,'سجل التحفيز'!$D$5:$D$2004,"ذهبي") | E17: =C17+D17 | F17: =SUMIFS('سجل التحفيز'!$G$5:$G$2004,'سجل التحفيز'!$V$5:$V$2004,">0",'سجل التحفيز'!$C$5:$C$2004,B17)
B18: =الإعدادات!A11 | C18: =COUNTIFS('سجل التحفيز'!$V$5:$V$2004,">0",'سجل التحفيز'!$C$5:$C$2004,B18,'سجل التحفيز'!$D$5:$D$2004,"أساسي") | D18: =COUNTIFS('سجل التحفيز'!$V$5:$V$2004,">0",'سجل التحفيز'!$C$5:$C$2004,B18,'سجل التحفيز'!$D$5:$D$2004,"ذهبي") | E18: =C18+D18 | F18: =SUMIFS('سجل التحفيز'!$G$5:$G$2004,'سجل التحفيز'!$V$5:$V$2004,">0",'سجل التحفيز'!$C$5:$C$2004,B18)
B19: =الإعدادات!A12 | C19: =COUNTIFS('سجل التحفيز'!$V$5:$V$2004,">0",'سجل التحفيز'!$C$5:$C$2004,B19,'سجل التحفيز'!$D$5:$D$2004,"أساسي") | D19: =COUNTIFS('سجل التحفيز'!$V$5:$V$2004,">0",'سجل التحفيز'!$C$5:$C$2004,B19,'سجل التحفيز'!$D$5:$D$2004,"ذهبي") | E19: =C19+D19 | F19: =SUMIFS('سجل التحفيز'!$G$5:$G$2004,'سجل التحفيز'!$V$5:$V$2004,">0",'سجل التحفيز'!$C$5:$C$2004,B19)
B20: =الإعدادات!A13 | C20: =COUNTIFS('سجل التحفيز'!$V$5:$V$2004,">0",'سجل التحفيز'!$C$5:$C$2004,B20,'سجل التحفيز'!$D$5:$D$2004,"أساسي") | D20: =COUNTIFS('سجل التحفيز'!$V$5:$V$2004,">0",'سجل التحفيز'!$C$5:$C$2004,B20,'سجل التحفيز'!$D$5:$D$2004,"ذهبي") | E20: =C20+D20 | F20: =SUMIFS('سجل التحفيز'!$G$5:$G$2004,'سجل التحفيز'!$V$5:$V$2004,">0",'سجل التحفيز'!$C$5:$C$2004,B20)
B21: =الإعدادات!A14 | C21: =COUNTIFS('سجل التحفيز'!$V$5:$V$2004,">0",'سجل التحفيز'!$C$5:$C$2004,B21,'سجل التحفيز'!$D$5:$D$2004,"أساسي") | D21: =COUNTIFS('سجل التحفيز'!$V$5:$V$2004,">0",'سجل التحفيز'!$C$5:$C$2004,B21,'سجل التحفيز'!$D$5:$D$2004,"ذهبي") | E21: =C21+D21 | F21: =SUMIFS('سجل التحفيز'!$G$5:$G$2004,'سجل التحفيز'!$V$5:$V$2004,">0",'سجل التحفيز'!$C$5:$C$2004,B21)
B22: =الإعدادات!A15 | C22: =COUNTIFS('سجل التحفيز'!$V$5:$V$2004,">0",'سجل التحفيز'!$C$5:$C$2004,B22,'سجل التحفيز'!$D$5:$D$2004,"أساسي") | D22: =COUNTIFS('سجل التحفيز'!$V$5:$V$2004,">0",'سجل التحفيز'!$C$5:$C$2004,B22,'سجل التحفيز'!$D$5:$D$2004,"ذهبي") | E22: =C22+D22 | F22: =SUMIFS('سجل التحفيز'!$G$5:$G$2004,'سجل التحفيز'!$V$5:$V$2004,">0",'سجل التحفيز'!$C$5:$C$2004,B22)
B23: =الإعدادات!A16 | C23: =COUNTIFS('سجل التحفيز'!$V$5:$V$2004,">0",'سجل التحفيز'!$C$5:$C$2004,B23,'سجل التحفيز'!$D$5:$D$2004,"أساسي") | D23: =COUNTIFS('سجل التحفيز'!$V$5:$V$2004,">0",'سجل التحفيز'!$C$5:$C$2004,B23,'سجل التحفيز'!$D$5:$D$2004,"ذهبي") | E23: =C23+D23 | F23: =SUMIFS('سجل التحفيز'!$G$5:$G$2004,'سجل التحفيز'!$V$5:$V$2004,">0",'سجل التحفيز'!$C$5:$C$2004,B23)
B24: =الإعدادات!A17 | C24: =COUNTIFS('سجل التحفيز'!$V$5:$V$2004,">0",'سجل التحفيز'!$C$5:$C$2004,B24,'سجل التحفيز'!$D$5:$D$2004,"أساسي") | D24: =COUNTIFS('سجل التحفيز'!$V$5:$V$2004,">0",'سجل التحفيز'!$C$5:$C$2004,B24,'سجل التحفيز'!$D$5:$D$2004,"ذهبي") | E24: =C24+D24 | F24: =SUMIFS('سجل التحفيز'!$G$5:$G$2004,'سجل التحفيز'!$V$5:$V$2004,">0",'سجل التحفيز'!$C$5:$C$2004,B24)
B25: =الإعدادات!A18 | C25: =COUNTIFS('سجل التحفيز'!$V$5:$V$2004,">0",'سجل التحفيز'!$C$5:$C$2004,B25,'سجل التحفيز'!$D$5:$D$2004,"أساسي") | D25: =COUNTIFS('سجل التحفيز'!$V$5:$V$2004,">0",'سجل التحفيز'!$C$5:$C$2004,B25,'سجل التحفيز'!$D$5:$D$2004,"ذهبي") | E25: =C25+D25 | F25: =SUMIFS('سجل التحفيز'!$G$5:$G$2004,'سجل التحفيز'!$V$5:$V$2004,">0",'سجل التحفيز'!$C$5:$C$2004,B25)
... B32: =الإعدادات!A25 | C32: =COUNTIFS('سجل التحفيز'!$V$5:$V$2004,">0",'سجل التحفيز'!$C$5:$C$2004,B32,'سجل التحفيز'!$D$5:$D$2004,"أساسي") | D32: =COUNTIFS('سجل التحفيز'!$V$5:$V$2004,">0",'سجل التحفيز'!$C$5:$C$2004,B32,'سجل التحفيز'!$D$5:$D$2004,"ذهبي") | E32: =C32+D32 | F32: =SUMIFS('سجل التحفيز'!$G$5:$G$2004,'سجل التحفيز'!$V$5:$V$2004,">0",'سجل التحفيز'!$C$5:$C$2004,B32)
B33: الإجمالي | C33: =SUM(C14:C32) | D33: =SUM(D14:D32) | E33: =SUM(E14:E32) | F33: =SUM(F14:F32)
B36: التكريمات حسب الشهر
B37: الشهر | C37: أساسي | D37: ذهبي | E37: الإجمالي | F37: القيمة (ر.ق)
B38: يناير | C38: =COUNTIFS('سجل التحفيز'!$V$5:$V$2004,">0",'سجل التحفيز'!$P$5:$P$2004,B38,'سجل التحفيز'!$D$5:$D$2004,"أساسي") | D38: =COUNTIFS('سجل التحفيز'!$V$5:$V$2004,">0",'سجل التحفيز'!$P$5:$P$2004,B38,'سجل التحفيز'!$D$5:$D$2004,"ذهبي") | E38: =C38+D38 | F38: =SUMIFS('سجل التحفيز'!$G$5:$G$2004,'سجل التحفيز'!$V$5:$V$2004,">0",'سجل التحفيز'!$P$5:$P$2004,B38)
B39: فبراير | C39: =COUNTIFS('سجل التحفيز'!$V$5:$V$2004,">0",'سجل التحفيز'!$P$5:$P$2004,B39,'سجل التحفيز'!$D$5:$D$2004,"أساسي") | D39: =COUNTIFS('سجل التحفيز'!$V$5:$V$2004,">0",'سجل التحفيز'!$P$5:$P$2004,B39,'سجل التحفيز'!$D$5:$D$2004,"ذهبي") | E39: =C39+D39 | F39: =SUMIFS('سجل التحفيز'!$G$5:$G$2004,'سجل التحفيز'!$V$5:$V$2004,">0",'سجل التحفيز'!$P$5:$P$2004,B39)
B40: مارس | C40: =COUNTIFS('سجل التحفيز'!$V$5:$V$2004,">0",'سجل التحفيز'!$P$5:$P$2004,B40,'سجل التحفيز'!$D$5:$D$2004,"أساسي") | D40: =COUNTIFS('سجل التحفيز'!$V$5:$V$2004,">0",'سجل التحفيز'!$P$5:$P$2004,B40,'سجل التحفيز'!$D$5:$D$2004,"ذهبي") | E40: =C40+D40 | F40: =SUMIFS('سجل التحفيز'!$G$5:$G$2004,'سجل التحفيز'!$V$5:$V$2004,">0",'سجل التحفيز'!$P$5:$P$2004,B40)
B41: أبريل | C41: =COUNTIFS('سجل التحفيز'!$V$5:$V$2004,">0",'سجل التحفيز'!$P$5:$P$2004,B41,'سجل التحفيز'!$D$5:$D$2004,"أساسي") | D41: =COUNTIFS('سجل التحفيز'!$V$5:$V$2004,">0",'سجل التحفيز'!$P$5:$P$2004,B41,'سجل التحفيز'!$D$5:$D$2004,"ذهبي") | E41: =C41+D41 | F41: =SUMIFS('سجل التحفيز'!$G$5:$G$2004,'سجل التحفيز'!$V$5:$V$2004,">0",'سجل التحفيز'!$P$5:$P$2004,B41)
B42: مايو | C42: =COUNTIFS('سجل التحفيز'!$V$5:$V$2004,">0",'سجل التحفيز'!$P$5:$P$2004,B42,'سجل التحفيز'!$D$5:$D$2004,"أساسي") | D42: =COUNTIFS('سجل التحفيز'!$V$5:$V$2004,">0",'سجل التحفيز'!$P$5:$P$2004,B42,'سجل التحفيز'!$D$5:$D$2004,"ذهبي") | E42: =C42+D42 | F42: =SUMIFS('سجل التحفيز'!$G$5:$G$2004,'سجل التحفيز'!$V$5:$V$2004,">0",'سجل التحفيز'!$P$5:$P$2004,B42)
B43: الإجمالي | C43: =SUM(C38:C42) | D43: =SUM(D38:D42) | E43: =SUM(E38:E42) | F43: =SUM(F38:F42)
B52: الموظفات المُكرَّمات ضمن فترة التقرير | K52: تفاصيل التكريمات ضمن فترة التقرير
B53: اسم الموظفة | C53: القسم | D53: عدد التكريمات | E53: معايير ذهبية | F53: القيمة (ر.ق) | G53: الترتيب | H53: أمري تدللي (السنة) | K53: م | L53: التاريخ | M53: اسم الموظفة | N53: القسم | O53: المجال | P53: المستوى | Q53: المعيار المحقق | R53: المكافأة الممنوحة | S53: القيمة (ر.ق)
B54: =IFERROR(INDEX(الموظفات!$B$5:$B$304,MATCH(1,الموظفات!$P$5:$P$304,0)),"") | C54: =IF(B54="","",INDEX(الموظفات!$D$5:$D$304,MATCH(B54,الموظفات!$B$5:$B$304,0))&"") | D54: =IF(B54="","",COUNTIFS('سجل التحفيز'!$V$5:$V$2004,">0",'سجل التحفيز'!$B$5:$B$2004,B54)) | E54: =IF(B54="","",COUNTIFS('سجل التحفيز'!$V$5:$V$2004,">0",'سجل التحفيز'!$B$5:$B$2004,B54,'سجل التحفيز'!$D$5:$D$2004,"ذهبي")) | F54: =IF(B54="","",SUMIFS('سجل التحفيز'!$G$5:$G$2004,'سجل التحفيز'!$V$5:$V$2004,">0",'سجل التحفيز'!$B$5:$B$2004,B54)) | G54: =IF(B54="","",COUNTIF($D$54:$D$203,">"&D54)+1) | H54: =IF(B54="","",INDEX(الموظفات!$L$5:$L$304,MATCH(B54,الموظفات!$B$5:$B$304,0))) | K54: =IF(1>$B$10,"",1) | L54: =IF($K54="","",INDEX('سجل التحفيز'!$A$5:$A$2004,MATCH($K54,'سجل التحفيز'!$V$5:$V$2004,0))) | M54: =IF($K54="","",INDEX('سجل التحفيز'!$B$5:$B$2004,MATCH($K54,'سجل التحفيز'!$V$5:$V$2004,0))) | N54: =IF($K54="","",INDEX('سجل التحفيز'!$M$5:$M$2004,MATCH($K54,'سجل التحفيز'!$V$5:$V$2004,0))) | O54: =IF($K54="","",INDEX('سجل التحفيز'!$C$5:$C$2004,MATCH($K54,'سجل التحفيز'!$V$5:$V$2004,0))) | P54: =IF($K54="","",INDEX('سجل التحفيز'!$D$5:$D$2004,MATCH($K54,'سجل التحفيز'!$V$5:$V$2004,0))) | Q54: =IF($K54="","",INDEX('سجل التحفيز'!$E$5:$E$2004,MATCH($K54,'سجل التحفيز'!$V$5:$V$2004,0))) | R54: =IF($K54="","",INDEX('سجل التحفيز'!$F$5:$F$2004,MATCH($K54,'سجل التحفيز'!$V$5:$V$2004,0))) | S54: =IF($K54="","",INDEX('سجل التحفيز'!$G$5:$G$2004,MATCH($K54,'سجل التحفيز'!$V$5:$V$2004,0)))
B55: =IFERROR(INDEX(الموظفات!$B$5:$B$304,MATCH(2,الموظفات!$P$5:$P$304,0)),"") | C55: =IF(B55="","",INDEX(الموظفات!$D$5:$D$304,MATCH(B55,الموظفات!$B$5:$B$304,0))&"") | D55: =IF(B55="","",COUNTIFS('سجل التحفيز'!$V$5:$V$2004,">0",'سجل التحفيز'!$B$5:$B$2004,B55)) | E55: =IF(B55="","",COUNTIFS('سجل التحفيز'!$V$5:$V$2004,">0",'سجل التحفيز'!$B$5:$B$2004,B55,'سجل التحفيز'!$D$5:$D$2004,"ذهبي")) | F55: =IF(B55="","",SUMIFS('سجل التحفيز'!$G$5:$G$2004,'سجل التحفيز'!$V$5:$V$2004,">0",'سجل التحفيز'!$B$5:$B$2004,B55)) | G55: =IF(B55="","",COUNTIF($D$54:$D$203,">"&D55)+1) | H55: =IF(B55="","",INDEX(الموظفات!$L$5:$L$304,MATCH(B55,الموظفات!$B$5:$B$304,0))) | K55: =IF(2>$B$10,"",2) | L55: =IF($K55="","",INDEX('سجل التحفيز'!$A$5:$A$2004,MATCH($K55,'سجل التحفيز'!$V$5:$V$2004,0))) | M55: =IF($K55="","",INDEX('سجل التحفيز'!$B$5:$B$2004,MATCH($K55,'سجل التحفيز'!$V$5:$V$2004,0))) | N55: =IF($K55="","",INDEX('سجل التحفيز'!$M$5:$M$2004,MATCH($K55,'سجل التحفيز'!$V$5:$V$2004,0))) | O55: =IF($K55="","",INDEX('سجل التحفيز'!$C$5:$C$2004,MATCH($K55,'سجل التحفيز'!$V$5:$V$2004,0))) | P55: =IF($K55="","",INDEX('سجل التحفيز'!$D$5:$D$2004,MATCH($K55,'سجل التحفيز'!$V$5:$V$2004,0))) | Q55: =IF($K55="","",INDEX('سجل التحفيز'!$E$5:$E$2004,MATCH($K55,'سجل التحفيز'!$V$5:$V$2004,0))) | R55: =IF($K55="","",INDEX('سجل التحفيز'!$F$5:$F$2004,MATCH($K55,'سجل التحفيز'!$V$5:$V$2004,0))) | S55: =IF($K55="","",INDEX('سجل التحفيز'!$G$5:$G$2004,MATCH($K55,'سجل التحفيز'!$V$5:$V$2004,0)))
B56: =IFERROR(INDEX(الموظفات!$B$5:$B$304,MATCH(3,الموظفات!$P$5:$P$304,0)),"") | C56: =IF(B56="","",INDEX(الموظفات!$D$5:$D$304,MATCH(B56,الموظفات!$B$5:$B$304,0))&"") | D56: =IF(B56="","",COUNTIFS('سجل التحفيز'!$V$5:$V$2004,">0",'سجل التحفيز'!$B$5:$B$2004,B56)) | E56: =IF(B56="","",COUNTIFS('سجل التحفيز'!$V$5:$V$2004,">0",'سجل التحفيز'!$B$5:$B$2004,B56,'سجل التحفيز'!$D$5:$D$2004,"ذهبي")) | F56: =IF(B56="","",SUMIFS('سجل التحفيز'!$G$5:$G$2004,'سجل التحفيز'!$V$5:$V$2004,">0",'سجل التحفيز'!$B$5:$B$2004,B56)) | G56: =IF(B56="","",COUNTIF($D$54:$D$203,">"&D56)+1) | H56: =IF(B56="","",INDEX(الموظفات!$L$5:$L$304,MATCH(B56,الموظفات!$B$5:$B$304,0))) | K56: =IF(3>$B$10,"",3) | L56: =IF($K56="","",INDEX('سجل التحفيز'!$A$5:$A$2004,MATCH($K56,'سجل التحفيز'!$V$5:$V$2004,0))) | M56: =IF($K56="","",INDEX('سجل التحفيز'!$B$5:$B$2004,MATCH($K56,'سجل التحفيز'!$V$5:$V$2004,0))) | N56: =IF($K56="","",INDEX('سجل التحفيز'!$M$5:$M$2004,MATCH($K56,'سجل التحفيز'!$V$5:$V$2004,0))) | O56: =IF($K56="","",INDEX('سجل التحفيز'!$C$5:$C$2004,MATCH($K56,'سجل التحفيز'!$V$5:$V$2004,0))) | P56: =IF($K56="","",INDEX('سجل التحفيز'!$D$5:$D$2004,MATCH($K56,'سجل التحفيز'!$V$5:$V$2004,0))) | Q56: =IF($K56="","",INDEX('سجل التحفيز'!$E$5:$E$2004,MATCH($K56,'سجل التحفيز'!$V$5:$V$2004,0))) | R56: =IF($K56="","",INDEX('سجل التحفيز'!$F$5:$F$2004,MATCH($K56,'سجل التحفيز'!$V$5:$V$2004,0))) | S56: =IF($K56="","",INDEX('سجل التحفيز'!$G$5:$G$2004,MATCH($K56,'سجل التحفيز'!$V$5:$V$2004,0)))
B57: =IFERROR(INDEX(الموظفات!$B$5:$B$304,MATCH(4,الموظفات!$P$5:$P$304,0)),"") | C57: =IF(B57="","",INDEX(الموظفات!$D$5:$D$304,MATCH(B57,الموظفات!$B$5:$B$304,0))&"") | D57: =IF(B57="","",COUNTIFS('سجل التحفيز'!$V$5:$V$2004,">0",'سجل التحفيز'!$B$5:$B$2004,B57)) | E57: =IF(B57="","",COUNTIFS('سجل التحفيز'!$V$5:$V$2004,">0",'سجل التحفيز'!$B$5:$B$2004,B57,'سجل التحفيز'!$D$5:$D$2004,"ذهبي")) | F57: =IF(B57="","",SUMIFS('سجل التحفيز'!$G$5:$G$2004,'سجل التحفيز'!$V$5:$V$2004,">0",'سجل التحفيز'!$B$5:$B$2004,B57)) | G57: =IF(B57="","",COUNTIF($D$54:$D$203,">"&D57)+1) | H57: =IF(B57="","",INDEX(الموظفات!$L$5:$L$304,MATCH(B57,الموظفات!$B$5:$B$304,0))) | K57: =IF(4>$B$10,"",4) | L57: =IF($K57="","",INDEX('سجل التحفيز'!$A$5:$A$2004,MATCH($K57,'سجل التحفيز'!$V$5:$V$2004,0))) | M57: =IF($K57="","",INDEX('سجل التحفيز'!$B$5:$B$2004,MATCH($K57,'سجل التحفيز'!$V$5:$V$2004,0))) | N57: =IF($K57="","",INDEX('سجل التحفيز'!$M$5:$M$2004,MATCH($K57,'سجل التحفيز'!$V$5:$V$2004,0))) | O57: =IF($K57="","",INDEX('سجل التحفيز'!$C$5:$C$2004,MATCH($K57,'سجل التحفيز'!$V$5:$V$2004,0))) | P57: =IF($K57="","",INDEX('سجل التحفيز'!$D$5:$D$2004,MATCH($K57,'سجل التحفيز'!$V$5:$V$2004,0))) | Q57: =IF($K57="","",INDEX('سجل التحفيز'!$E$5:$E$2004,MATCH($K57,'سجل التحفيز'!$V$5:$V$2004,0))) | R57: =IF($K57="","",INDEX('سجل التحفيز'!$F$5:$F$2004,MATCH($K57,'سجل التحفيز'!$V$5:$V$2004,0))) | S57: =IF($K57="","",INDEX('سجل التحفيز'!$G$5:$G$2004,MATCH($K57,'سجل التحفيز'!$V$5:$V$2004,0)))
B58: =IFERROR(INDEX(الموظفات!$B$5:$B$304,MATCH(5,الموظفات!$P$5:$P$304,0)),"") | C58: =IF(B58="","",INDEX(الموظفات!$D$5:$D$304,MATCH(B58,الموظفات!$B$5:$B$304,0))&"") | D58: =IF(B58="","",COUNTIFS('سجل التحفيز'!$V$5:$V$2004,">0",'سجل التحفيز'!$B$5:$B$2004,B58)) | E58: =IF(B58="","",COUNTIFS('سجل التحفيز'!$V$5:$V$2004,">0",'سجل التحفيز'!$B$5:$B$2004,B58,'سجل التحفيز'!$D$5:$D$2004,"ذهبي")) | F58: =IF(B58="","",SUMIFS('سجل التحفيز'!$G$5:$G$2004,'سجل التحفيز'!$V$5:$V$2004,">0",'سجل التحفيز'!$B$5:$B$2004,B58)) | G58: =IF(B58="","",COUNTIF($D$54:$D$203,">"&D58)+1) | H58: =IF(B58="","",INDEX(الموظفات!$L$5:$L$304,MATCH(B58,الموظفات!$B$5:$B$304,0))) | K58: =IF(5>$B$10,"",5) | L58: =IF($K58="","",INDEX('سجل التحفيز'!$A$5:$A$2004,MATCH($K58,'سجل التحفيز'!$V$5:$V$2004,0))) | M58: =IF($K58="","",INDEX('سجل التحفيز'!$B$5:$B$2004,MATCH($K58,'سجل التحفيز'!$V$5:$V$2004,0))) | N58: =IF($K58="","",INDEX('سجل التحفيز'!$M$5:$M$2004,MATCH($K58,'سجل التحفيز'!$V$5:$V$2004,0))) | O58: =IF($K58="","",INDEX('سجل التحفيز'!$C$5:$C$2004,MATCH($K58,'سجل التحفيز'!$V$5:$V$2004,0))) | P58: =IF($K58="","",INDEX('سجل التحفيز'!$D$5:$D$2004,MATCH($K58,'سجل التحفيز'!$V$5:$V$2004,0))) | Q58: =IF($K58="","",INDEX('سجل التحفيز'!$E$5:$E$2004,MATCH($K58,'سجل التحفيز'!$V$5:$V$2004,0))) | R58: =IF($K58="","",INDEX('سجل التحفيز'!$F$5:$F$2004,MATCH($K58,'سجل التحفيز'!$V$5:$V$2004,0))) | S58: =IF($K58="","",INDEX('سجل التحفيز'!$G$5:$G$2004,MATCH($K58,'سجل التحفيز'!$V$5:$V$2004,0)))
B59: =IFERROR(INDEX(الموظفات!$B$5:$B$304,MATCH(6,الموظفات!$P$5:$P$304,0)),"") | C59: =IF(B59="","",INDEX(الموظفات!$D$5:$D$304,MATCH(B59,الموظفات!$B$5:$B$304,0))&"") | D59: =IF(B59="","",COUNTIFS('سجل التحفيز'!$V$5:$V$2004,">0",'سجل التحفيز'!$B$5:$B$2004,B59)) | E59: =IF(B59="","",COUNTIFS('سجل التحفيز'!$V$5:$V$2004,">0",'سجل التحفيز'!$B$5:$B$2004,B59,'سجل التحفيز'!$D$5:$D$2004,"ذهبي")) | F59: =IF(B59="","",SUMIFS('سجل التحفيز'!$G$5:$G$2004,'سجل التحفيز'!$V$5:$V$2004,">0",'سجل التحفيز'!$B$5:$B$2004,B59)) | G59: =IF(B59="","",COUNTIF($D$54:$D$203,">"&D59)+1) | H59: =IF(B59="","",INDEX(الموظفات!$L$5:$L$304,MATCH(B59,الموظفات!$B$5:$B$304,0))) | K59: =IF(6>$B$10,"",6) | L59: =IF($K59="","",INDEX('سجل التحفيز'!$A$5:$A$2004,MATCH($K59,'سجل التحفيز'!$V$5:$V$2004,0))) | M59: =IF($K59="","",INDEX('سجل التحفيز'!$B$5:$B$2004,MATCH($K59,'سجل التحفيز'!$V$5:$V$2004,0))) | N59: =IF($K59="","",INDEX('سجل التحفيز'!$M$5:$M$2004,MATCH($K59,'سجل التحفيز'!$V$5:$V$2004,0))) | O59: =IF($K59="","",INDEX('سجل التحفيز'!$C$5:$C$2004,MATCH($K59,'سجل التحفيز'!$V$5:$V$2004,0))) | P59: =IF($K59="","",INDEX('سجل التحفيز'!$D$5:$D$2004,MATCH($K59,'سجل التحفيز'!$V$5:$V$2004,0))) | Q59: =IF($K59="","",INDEX('سجل التحفيز'!$E$5:$E$2004,MATCH($K59,'سجل التحفيز'!$V$5:$V$2004,0))) | R59: =IF($K59="","",INDEX('سجل التحفيز'!$F$5:$F$2004,MATCH($K59,'سجل التحفيز'!$V$5:$V$2004,0))) | S59: =IF($K59="","",INDEX('سجل التحفيز'!$G$5:$G$2004,MATCH($K59,'سجل التحفيز'!$V$5:$V$2004,0)))
B60: =IFERROR(INDEX(الموظفات!$B$5:$B$304,MATCH(7,الموظفات!$P$5:$P$304,0)),"") | C60: =IF(B60="","",INDEX(الموظفات!$D$5:$D$304,MATCH(B60,الموظفات!$B$5:$B$304,0))&"") | D60: =IF(B60="","",COUNTIFS('سجل التحفيز'!$V$5:$V$2004,">0",'سجل التحفيز'!$B$5:$B$2004,B60)) | E60: =IF(B60="","",COUNTIFS('سجل التحفيز'!$V$5:$V$2004,">0",'سجل التحفيز'!$B$5:$B$2004,B60,'سجل التحفيز'!$D$5:$D$2004,"ذهبي")) | F60: =IF(B60="","",SUMIFS('سجل التحفيز'!$G$5:$G$2004,'سجل التحفيز'!$V$5:$V$2004,">0",'سجل التحفيز'!$B$5:$B$2004,B60)) | G60: =IF(B60="","",COUNTIF($D$54:$D$203,">"&D60)+1) | H60: =IF(B60="","",INDEX(الموظفات!$L$5:$L$304,MATCH(B60,الموظفات!$B$5:$B$304,0))) | K60: =IF(7>$B$10,"",7) | L60: =IF($K60="","",INDEX('سجل التحفيز'!$A$5:$A$2004,MATCH($K60,'سجل التحفيز'!$V$5:$V$2004,0))) | M60: =IF($K60="","",INDEX('سجل التحفيز'!$B$5:$B$2004,MATCH($K60,'سجل التحفيز'!$V$5:$V$2004,0))) | N60: =IF($K60="","",INDEX('سجل التحفيز'!$M$5:$M$2004,MATCH($K60,'سجل التحفيز'!$V$5:$V$2004,0))) | O60: =IF($K60="","",INDEX('سجل التحفيز'!$C$5:$C$2004,MATCH($K60,'سجل التحفيز'!$V$5:$V$2004,0))) | P60: =IF($K60="","",INDEX('سجل التحفيز'!$D$5:$D$2004,MATCH($K60,'سجل التحفيز'!$V$5:$V$2004,0))) | Q60: =IF($K60="","",INDEX('سجل التحفيز'!$E$5:$E$2004,MATCH($K60,'سجل التحفيز'!$V$5:$V$2004,0))) | R60: =IF($K60="","",INDEX('سجل التحفيز'!$F$5:$F$2004,MATCH($K60,'سجل التحفيز'!$V$5:$V$2004,0))) | S60: =IF($K60="","",INDEX('سجل التحفيز'!$G$5:$G$2004,MATCH($K60,'سجل التحفيز'!$V$5:$V$2004,0)))
B61: =IFERROR(INDEX(الموظفات!$B$5:$B$304,MATCH(8,الموظفات!$P$5:$P$304,0)),"") | C61: =IF(B61="","",INDEX(الموظفات!$D$5:$D$304,MATCH(B61,الموظفات!$B$5:$B$304,0))&"") | D61: =IF(B61="","",COUNTIFS('سجل التحفيز'!$V$5:$V$2004,">0",'سجل التحفيز'!$B$5:$B$2004,B61)) | E61: =IF(B61="","",COUNTIFS('سجل التحفيز'!$V$5:$V$2004,">0",'سجل التحفيز'!$B$5:$B$2004,B61,'سجل التحفيز'!$D$5:$D$2004,"ذهبي")) | F61: =IF(B61="","",SUMIFS('سجل التحفيز'!$G$5:$G$2004,'سجل التحفيز'!$V$5:$V$2004,">0",'سجل التحفيز'!$B$5:$B$2004,B61)) | G61: =IF(B61="","",COUNTIF($D$54:$D$203,">"&D61)+1) | H61: =IF(B61="","",INDEX(الموظفات!$L$5:$L$304,MATCH(B61,الموظفات!$B$5:$B$304,0))) | K61: =IF(8>$B$10,"",8) | L61: =IF($K61="","",INDEX('سجل التحفيز'!$A$5:$A$2004,MATCH($K61,'سجل التحفيز'!$V$5:$V$2004,0))) | M61: =IF($K61="","",INDEX('سجل التحفيز'!$B$5:$B$2004,MATCH($K61,'سجل التحفيز'!$V$5:$V$2004,0))) | N61: =IF($K61="","",INDEX('سجل التحفيز'!$M$5:$M$2004,MATCH($K61,'سجل التحفيز'!$V$5:$V$2004,0))) | O61: =IF($K61="","",INDEX('سجل التحفيز'!$C$5:$C$2004,MATCH($K61,'سجل التحفيز'!$V$5:$V$2004,0))) | P61: =IF($K61="","",INDEX('سجل التحفيز'!$D$5:$D$2004,MATCH($K61,'سجل التحفيز'!$V$5:$V$2004,0))) | Q61: =IF($K61="","",INDEX('سجل التحفيز'!$E$5:$E$2004,MATCH($K61,'سجل التحفيز'!$V$5:$V$2004,0))) | R61: =IF($K61="","",INDEX('سجل التحفيز'!$F$5:$F$2004,MATCH($K61,'سجل التحفيز'!$V$5:$V$2004,0))) | S61: =IF($K61="","",INDEX('سجل التحفيز'!$G$5:$G$2004,MATCH($K61,'سجل التحفيز'!$V$5:$V$2004,0)))
B62: =IFERROR(INDEX(الموظفات!$B$5:$B$304,MATCH(9,الموظفات!$P$5:$P$304,0)),"") | C62: =IF(B62="","",INDEX(الموظفات!$D$5:$D$304,MATCH(B62,الموظفات!$B$5:$B$304,0))&"") | D62: =IF(B62="","",COUNTIFS('سجل التحفيز'!$V$5:$V$2004,">0",'سجل التحفيز'!$B$5:$B$2004,B62)) | E62: =IF(B62="","",COUNTIFS('سجل التحفيز'!$V$5:$V$2004,">0",'سجل التحفيز'!$B$5:$B$2004,B62,'سجل التحفيز'!$D$5:$D$2004,"ذهبي")) | F62: =IF(B62="","",SUMIFS('سجل التحفيز'!$G$5:$G$2004,'سجل التحفيز'!$V$5:$V$2004,">0",'سجل التحفيز'!$B$5:$B$2004,B62)) | G62: =IF(B62="","",COUNTIF($D$54:$D$203,">"&D62)+1) | H62: =IF(B62="","",INDEX(الموظفات!$L$5:$L$304,MATCH(B62,الموظفات!$B$5:$B$304,0))) | K62: =IF(9>$B$10,"",9) | L62: =IF($K62="","",INDEX('سجل التحفيز'!$A$5:$A$2004,MATCH($K62,'سجل التحفيز'!$V$5:$V$2004,0))) | M62: =IF($K62="","",INDEX('سجل التحفيز'!$B$5:$B$2004,MATCH($K62,'سجل التحفيز'!$V$5:$V$2004,0))) | N62: =IF($K62="","",INDEX('سجل التحفيز'!$M$5:$M$2004,MATCH($K62,'سجل التحفيز'!$V$5:$V$2004,0))) | O62: =IF($K62="","",INDEX('سجل التحفيز'!$C$5:$C$2004,MATCH($K62,'سجل التحفيز'!$V$5:$V$2004,0))) | P62: =IF($K62="","",INDEX('سجل التحفيز'!$D$5:$D$2004,MATCH($K62,'سجل التحفيز'!$V$5:$V$2004,0))) | Q62: =IF($K62="","",INDEX('سجل التحفيز'!$E$5:$E$2004,MATCH($K62,'سجل التحفيز'!$V$5:$V$2004,0))) | R62: =IF($K62="","",INDEX('سجل التحفيز'!$F$5:$F$2004,MATCH($K62,'سجل التحفيز'!$V$5:$V$2004,0))) | S62: =IF($K62="","",INDEX('سجل التحفيز'!$G$5:$G$2004,MATCH($K62,'سجل التحفيز'!$V$5:$V$2004,0)))
B63: =IFERROR(INDEX(الموظفات!$B$5:$B$304,MATCH(10,الموظفات!$P$5:$P$304,0)),"") | C63: =IF(B63="","",INDEX(الموظفات!$D$5:$D$304,MATCH(B63,الموظفات!$B$5:$B$304,0))&"") | D63: =IF(B63="","",COUNTIFS('سجل التحفيز'!$V$5:$V$2004,">0",'سجل التحفيز'!$B$5:$B$2004,B63)) | E63: =IF(B63="","",COUNTIFS('سجل التحفيز'!$V$5:$V$2004,">0",'سجل التحفيز'!$B$5:$B$2004,B63,'سجل التحفيز'!$D$5:$D$2004,"ذهبي")) | F63: =IF(B63="","",SUMIFS('سجل التحفيز'!$G$5:$G$2004,'سجل التحفيز'!$V$5:$V$2004,">0",'سجل التحفيز'!$B$5:$B$2004,B63)) | G63: =IF(B63="","",COUNTIF($D$54:$D$203,">"&D63)+1) | H63: =IF(B63="","",INDEX(الموظفات!$L$5:$L$304,MATCH(B63,الموظفات!$B$5:$B$304,0))) | K63: =IF(10>$B$10,"",10) | L63: =IF($K63="","",INDEX('سجل التحفيز'!$A$5:$A$2004,MATCH($K63,'سجل التحفيز'!$V$5:$V$2004,0))) | M63: =IF($K63="","",INDEX('سجل التحفيز'!$B$5:$B$2004,MATCH($K63,'سجل التحفيز'!$V$5:$V$2004,0))) | N63: =IF($K63="","",INDEX('سجل التحفيز'!$M$5:$M$2004,MATCH($K63,'سجل التحفيز'!$V$5:$V$2004,0))) | O63: =IF($K63="","",INDEX('سجل التحفيز'!$C$5:$C$2004,MATCH($K63,'سجل التحفيز'!$V$5:$V$2004,0))) | P63: =IF($K63="","",INDEX('سجل التحفيز'!$D$5:$D$2004,MATCH($K63,'سجل التحفيز'!$V$5:$V$2004,0))) | Q63: =IF($K63="","",INDEX('سجل التحفيز'!$E$5:$E$2004,MATCH($K63,'سجل التحفيز'!$V$5:$V$2004,0))) | R63: =IF($K63="","",INDEX('سجل التحفيز'!$F$5:$F$2004,MATCH($K63,'سجل التحفيز'!$V$5:$V$2004,0))) | S63: =IF($K63="","",INDEX('سجل التحفيز'!$G$5:$G$2004,MATCH($K63,'سجل التحفيز'!$V$5:$V$2004,0)))
B64: =IFERROR(INDEX(الموظفات!$B$5:$B$304,MATCH(11,الموظفات!$P$5:$P$304,0)),"") | C64: =IF(B64="","",INDEX(الموظفات!$D$5:$D$304,MATCH(B64,الموظفات!$B$5:$B$304,0))&"") | D64: =IF(B64="","",COUNTIFS('سجل التحفيز'!$V$5:$V$2004,">0",'سجل التحفيز'!$B$5:$B$2004,B64)) | E64: =IF(B64="","",COUNTIFS('سجل التحفيز'!$V$5:$V$2004,">0",'سجل التحفيز'!$B$5:$B$2004,B64,'سجل التحفيز'!$D$5:$D$2004,"ذهبي")) | F64: =IF(B64="","",SUMIFS('سجل التحفيز'!$G$5:$G$2004,'سجل التحفيز'!$V$5:$V$2004,">0",'سجل التحفيز'!$B$5:$B$2004,B64)) | G64: =IF(B64="","",COUNTIF($D$54:$D$203,">"&D64)+1) | H64: =IF(B64="","",INDEX(الموظفات!$L$5:$L$304,MATCH(B64,الموظفات!$B$5:$B$304,0))) | K64: =IF(11>$B$10,"",11) | L64: =IF($K64="","",INDEX('سجل التحفيز'!$A$5:$A$2004,MATCH($K64,'سجل التحفيز'!$V$5:$V$2004,0))) | M64: =IF($K64="","",INDEX('سجل التحفيز'!$B$5:$B$2004,MATCH($K64,'سجل التحفيز'!$V$5:$V$2004,0))) | N64: =IF($K64="","",INDEX('سجل التحفيز'!$M$5:$M$2004,MATCH($K64,'سجل التحفيز'!$V$5:$V$2004,0))) | O64: =IF($K64="","",INDEX('سجل التحفيز'!$C$5:$C$2004,MATCH($K64,'سجل التحفيز'!$V$5:$V$2004,0))) | P64: =IF($K64="","",INDEX('سجل التحفيز'!$D$5:$D$2004,MATCH($K64,'سجل التحفيز'!$V$5:$V$2004,0))) | Q64: =IF($K64="","",INDEX('سجل التحفيز'!$E$5:$E$2004,MATCH($K64,'سجل التحفيز'!$V$5:$V$2004,0))) | R64: =IF($K64="","",INDEX('سجل التحفيز'!$F$5:$F$2004,MATCH($K64,'سجل التحفيز'!$V$5:$V$2004,0))) | S64: =IF($K64="","",INDEX('سجل التحفيز'!$G$5:$G$2004,MATCH($K64,'سجل التحفيز'!$V$5:$V$2004,0)))
B65: =IFERROR(INDEX(الموظفات!$B$5:$B$304,MATCH(12,الموظفات!$P$5:$P$304,0)),"") | C65: =IF(B65="","",INDEX(الموظفات!$D$5:$D$304,MATCH(B65,الموظفات!$B$5:$B$304,0))&"") | D65: =IF(B65="","",COUNTIFS('سجل التحفيز'!$V$5:$V$2004,">0",'سجل التحفيز'!$B$5:$B$2004,B65)) | E65: =IF(B65="","",COUNTIFS('سجل التحفيز'!$V$5:$V$2004,">0",'سجل التحفيز'!$B$5:$B$2004,B65,'سجل التحفيز'!$D$5:$D$2004,"ذهبي")) | F65: =IF(B65="","",SUMIFS('سجل التحفيز'!$G$5:$G$2004,'سجل التحفيز'!$V$5:$V$2004,">0",'سجل التحفيز'!$B$5:$B$2004,B65)) | G65: =IF(B65="","",COUNTIF($D$54:$D$203,">"&D65)+1) | H65: =IF(B65="","",INDEX(الموظفات!$L$5:$L$304,MATCH(B65,الموظفات!$B$5:$B$304,0))) | K65: =IF(12>$B$10,"",12) | L65: =IF($K65="","",INDEX('سجل التحفيز'!$A$5:$A$2004,MATCH($K65,'سجل التحفيز'!$V$5:$V$2004,0))) | M65: =IF($K65="","",INDEX('سجل التحفيز'!$B$5:$B$2004,MATCH($K65,'سجل التحفيز'!$V$5:$V$2004,0))) | N65: =IF($K65="","",INDEX('سجل التحفيز'!$M$5:$M$2004,MATCH($K65,'سجل التحفيز'!$V$5:$V$2004,0))) | O65: =IF($K65="","",INDEX('سجل التحفيز'!$C$5:$C$2004,MATCH($K65,'سجل التحفيز'!$V$5:$V$2004,0))) | P65: =IF($K65="","",INDEX('سجل التحفيز'!$D$5:$D$2004,MATCH($K65,'سجل التحفيز'!$V$5:$V$2004,0))) | Q65: =IF($K65="","",INDEX('سجل التحفيز'!$E$5:$E$2004,MATCH($K65,'سجل التحفيز'!$V$5:$V$2004,0))) | R65: =IF($K65="","",INDEX('سجل التحفيز'!$F$5:$F$2004,MATCH($K65,'سجل التحفيز'!$V$5:$V$2004,0))) | S65: =IF($K65="","",INDEX('سجل التحفيز'!$G$5:$G$2004,MATCH($K65,'سجل التحفيز'!$V$5:$V$2004,0)))
B66: =IFERROR(INDEX(الموظفات!$B$5:$B$304,MATCH(13,الموظفات!$P$5:$P$304,0)),"") | C66: =IF(B66="","",INDEX(الموظفات!$D$5:$D$304,MATCH(B66,الموظفات!$B$5:$B$304,0))&"") | D66: =IF(B66="","",COUNTIFS('سجل التحفيز'!$V$5:$V$2004,">0",'سجل التحفيز'!$B$5:$B$2004,B66)) | E66: =IF(B66="","",COUNTIFS('سجل التحفيز'!$V$5:$V$2004,">0",'سجل التحفيز'!$B$5:$B$2004,B66,'سجل التحفيز'!$D$5:$D$2004,"ذهبي")) | F66: =IF(B66="","",SUMIFS('سجل التحفيز'!$G$5:$G$2004,'سجل التحفيز'!$V$5:$V$2004,">0",'سجل التحفيز'!$B$5:$B$2004,B66)) | G66: =IF(B66="","",COUNTIF($D$54:$D$203,">"&D66)+1) | H66: =IF(B66="","",INDEX(الموظفات!$L$5:$L$304,MATCH(B66,الموظفات!$B$5:$B$304,0))) | K66: =IF(13>$B$10,"",13) | L66: =IF($K66="","",INDEX('سجل التحفيز'!$A$5:$A$2004,MATCH($K66,'سجل التحفيز'!$V$5:$V$2004,0))) | M66: =IF($K66="","",INDEX('سجل التحفيز'!$B$5:$B$2004,MATCH($K66,'سجل التحفيز'!$V$5:$V$2004,0))) | N66: =IF($K66="","",INDEX('سجل التحفيز'!$M$5:$M$2004,MATCH($K66,'سجل التحفيز'!$V$5:$V$2004,0))) | O66: =IF($K66="","",INDEX('سجل التحفيز'!$C$5:$C$2004,MATCH($K66,'سجل التحفيز'!$V$5:$V$2004,0))) | P66: =IF($K66="","",INDEX('سجل التحفيز'!$D$5:$D$2004,MATCH($K66,'سجل التحفيز'!$V$5:$V$2004,0))) | Q66: =IF($K66="","",INDEX('سجل التحفيز'!$E$5:$E$2004,MATCH($K66,'سجل التحفيز'!$V$5:$V$2004,0))) | R66: =IF($K66="","",INDEX('سجل التحفيز'!$F$5:$F$2004,MATCH($K66,'سجل التحفيز'!$V$5:$V$2004,0))) | S66: =IF($K66="","",INDEX('سجل التحفيز'!$G$5:$G$2004,MATCH($K66,'سجل التحفيز'!$V$5:$V$2004,0)))
B67: =IFERROR(INDEX(الموظفات!$B$5:$B$304,MATCH(14,الموظفات!$P$5:$P$304,0)),"") | C67: =IF(B67="","",INDEX(الموظفات!$D$5:$D$304,MATCH(B67,الموظفات!$B$5:$B$304,0))&"") | D67: =IF(B67="","",COUNTIFS('سجل التحفيز'!$V$5:$V$2004,">0",'سجل التحفيز'!$B$5:$B$2004,B67)) | E67: =IF(B67="","",COUNTIFS('سجل التحفيز'!$V$5:$V$2004,">0",'سجل التحفيز'!$B$5:$B$2004,B67,'سجل التحفيز'!$D$5:$D$2004,"ذهبي")) | F67: =IF(B67="","",SUMIFS('سجل التحفيز'!$G$5:$G$2004,'سجل التحفيز'!$V$5:$V$2004,">0",'سجل التحفيز'!$B$5:$B$2004,B67)) | G67: =IF(B67="","",COUNTIF($D$54:$D$203,">"&D67)+1) | H67: =IF(B67="","",INDEX(الموظفات!$L$5:$L$304,MATCH(B67,الموظفات!$B$5:$B$304,0))) | K67: =IF(14>$B$10,"",14) | L67: =IF($K67="","",INDEX('سجل التحفيز'!$A$5:$A$2004,MATCH($K67,'سجل التحفيز'!$V$5:$V$2004,0))) | M67: =IF($K67="","",INDEX('سجل التحفيز'!$B$5:$B$2004,MATCH($K67,'سجل التحفيز'!$V$5:$V$2004,0))) | N67: =IF($K67="","",INDEX('سجل التحفيز'!$M$5:$M$2004,MATCH($K67,'سجل التحفيز'!$V$5:$V$2004,0))) | O67: =IF($K67="","",INDEX('سجل التحفيز'!$C$5:$C$2004,MATCH($K67,'سجل التحفيز'!$V$5:$V$2004,0))) | P67: =IF($K67="","",INDEX('سجل التحفيز'!$D$5:$D$2004,MATCH($K67,'سجل التحفيز'!$V$5:$V$2004,0))) | Q67: =IF($K67="","",INDEX('سجل التحفيز'!$E$5:$E$2004,MATCH($K67,'سجل التحفيز'!$V$5:$V$2004,0))) | R67: =IF($K67="","",INDEX('سجل التحفيز'!$F$5:$F$2004,MATCH($K67,'سجل التحفيز'!$V$5:$V$2004,0))) | S67: =IF($K67="","",INDEX('سجل التحفيز'!$G$5:$G$2004,MATCH($K67,'سجل التحفيز'!$V$5:$V$2004,0)))
B68: =IFERROR(INDEX(الموظفات!$B$5:$B$304,MATCH(15,الموظفات!$P$5:$P$304,0)),"") | C68: =IF(B68="","",INDEX(الموظفات!$D$5:$D$304,MATCH(B68,الموظفات!$B$5:$B$304,0))&"") | D68: =IF(B68="","",COUNTIFS('سجل التحفيز'!$V$5:$V$2004,">0",'سجل التحفيز'!$B$5:$B$2004,B68)) | E68: =IF(B68="","",COUNTIFS('سجل التحفيز'!$V$5:$V$2004,">0",'سجل التحفيز'!$B$5:$B$2004,B68,'سجل التحفيز'!$D$5:$D$2004,"ذهبي")) | F68: =IF(B68="","",SUMIFS('سجل التحفيز'!$G$5:$G$2004,'سجل التحفيز'!$V$5:$V$2004,">0",'سجل التحفيز'!$B$5:$B$2004,B68)) | G68: =IF(B68="","",COUNTIF($D$54:$D$203,">"&D68)+1) | H68: =IF(B68="","",INDEX(الموظفات!$L$5:$L$304,MATCH(B68,الموظفات!$B$5:$B$304,0))) | K68: =IF(15>$B$10,"",15) | L68: =IF($K68="","",INDEX('سجل التحفيز'!$A$5:$A$2004,MATCH($K68,'سجل التحفيز'!$V$5:$V$2004,0))) | M68: =IF($K68="","",INDEX('سجل التحفيز'!$B$5:$B$2004,MATCH($K68,'سجل التحفيز'!$V$5:$V$2004,0))) | N68: =IF($K68="","",INDEX('سجل التحفيز'!$M$5:$M$2004,MATCH($K68,'سجل التحفيز'!$V$5:$V$2004,0))) | O68: =IF($K68="","",INDEX('سجل التحفيز'!$C$5:$C$2004,MATCH($K68,'سجل التحفيز'!$V$5:$V$2004,0))) | P68: =IF($K68="","",INDEX('سجل التحفيز'!$D$5:$D$2004,MATCH($K68,'سجل التحفيز'!$V$5:$V$2004,0))) | Q68: =IF($K68="","",INDEX('سجل التحفيز'!$E$5:$E$2004,MATCH($K68,'سجل التحفيز'!$V$5:$V$2004,0))) | R68: =IF($K68="","",INDEX('سجل التحفيز'!$F$5:$F$2004,MATCH($K68,'سجل التحفيز'!$V$5:$V$2004,0))) | S68: =IF($K68="","",INDEX('سجل التحفيز'!$G$5:$G$2004,MATCH($K68,'سجل التحفيز'!$V$5:$V$2004,0)))
B69: =IFERROR(INDEX(الموظفات!$B$5:$B$304,MATCH(16,الموظفات!$P$5:$P$304,0)),"") | C69: =IF(B69="","",INDEX(الموظفات!$D$5:$D$304,MATCH(B69,الموظفات!$B$5:$B$304,0))&"") | D69: =IF(B69="","",COUNTIFS('سجل التحفيز'!$V$5:$V$2004,">0",'سجل التحفيز'!$B$5:$B$2004,B69)) | E69: =IF(B69="","",COUNTIFS('سجل التحفيز'!$V$5:$V$2004,">0",'سجل التحفيز'!$B$5:$B$2004,B69,'سجل التحفيز'!$D$5:$D$2004,"ذهبي")) | F69: =IF(B69="","",SUMIFS('سجل التحفيز'!$G$5:$G$2004,'سجل التحفيز'!$V$5:$V$2004,">0",'سجل التحفيز'!$B$5:$B$2004,B69)) | G69: =IF(B69="","",COUNTIF($D$54:$D$203,">"&D69)+1) | H69: =IF(B69="","",INDEX(الموظفات!$L$5:$L$304,MATCH(B69,الموظفات!$B$5:$B$304,0))) | K69: =IF(16>$B$10,"",16) | L69: =IF($K69="","",INDEX('سجل التحفيز'!$A$5:$A$2004,MATCH($K69,'سجل التحفيز'!$V$5:$V$2004,0))) | M69: =IF($K69="","",INDEX('سجل التحفيز'!$B$5:$B$2004,MATCH($K69,'سجل التحفيز'!$V$5:$V$2004,0))) | N69: =IF($K69="","",INDEX('سجل التحفيز'!$M$5:$M$2004,MATCH($K69,'سجل التحفيز'!$V$5:$V$2004,0))) | O69: =IF($K69="","",INDEX('سجل التحفيز'!$C$5:$C$2004,MATCH($K69,'سجل التحفيز'!$V$5:$V$2004,0))) | P69: =IF($K69="","",INDEX('سجل التحفيز'!$D$5:$D$2004,MATCH($K69,'سجل التحفيز'!$V$5:$V$2004,0))) | Q69: =IF($K69="","",INDEX('سجل التحفيز'!$E$5:$E$2004,MATCH($K69,'سجل التحفيز'!$V$5:$V$2004,0))) | R69: =IF($K69="","",INDEX('سجل التحفيز'!$F$5:$F$2004,MATCH($K69,'سجل التحفيز'!$V$5:$V$2004,0))) | S69: =IF($K69="","",INDEX('سجل التحفيز'!$G$5:$G$2004,MATCH($K69,'سجل التحفيز'!$V$5:$V$2004,0)))
B70: =IFERROR(INDEX(الموظفات!$B$5:$B$304,MATCH(17,الموظفات!$P$5:$P$304,0)),"") | C70: =IF(B70="","",INDEX(الموظفات!$D$5:$D$304,MATCH(B70,الموظفات!$B$5:$B$304,0))&"") | D70: =IF(B70="","",COUNTIFS('سجل التحفيز'!$V$5:$V$2004,">0",'سجل التحفيز'!$B$5:$B$2004,B70)) | E70: =IF(B70="","",COUNTIFS('سجل التحفيز'!$V$5:$V$2004,">0",'سجل التحفيز'!$B$5:$B$2004,B70,'سجل التحفيز'!$D$5:$D$2004,"ذهبي")) | F70: =IF(B70="","",SUMIFS('سجل التحفيز'!$G$5:$G$2004,'سجل التحفيز'!$V$5:$V$2004,">0",'سجل التحفيز'!$B$5:$B$2004,B70)) | G70: =IF(B70="","",COUNTIF($D$54:$D$203,">"&D70)+1) | H70: =IF(B70="","",INDEX(الموظفات!$L$5:$L$304,MATCH(B70,الموظفات!$B$5:$B$304,0))) | K70: =IF(17>$B$10,"",17) | L70: =IF($K70="","",INDEX('سجل التحفيز'!$A$5:$A$2004,MATCH($K70,'سجل التحفيز'!$V$5:$V$2004,0))) | M70: =IF($K70="","",INDEX('سجل التحفيز'!$B$5:$B$2004,MATCH($K70,'سجل التحفيز'!$V$5:$V$2004,0))) | N70: =IF($K70="","",INDEX('سجل التحفيز'!$M$5:$M$2004,MATCH($K70,'سجل التحفيز'!$V$5:$V$2004,0))) | O70: =IF($K70="","",INDEX('سجل التحفيز'!$C$5:$C$2004,MATCH($K70,'سجل التحفيز'!$V$5:$V$2004,0))) | P70: =IF($K70="","",INDEX('سجل التحفيز'!$D$5:$D$2004,MATCH($K70,'سجل التحفيز'!$V$5:$V$2004,0))) | Q70: =IF($K70="","",INDEX('سجل التحفيز'!$E$5:$E$2004,MATCH($K70,'سجل التحفيز'!$V$5:$V$2004,0))) | R70: =IF($K70="","",INDEX('سجل التحفيز'!$F$5:$F$2004,MATCH($K70,'سجل التحفيز'!$V$5:$V$2004,0))) | S70: =IF($K70="","",INDEX('سجل التحفيز'!$G$5:$G$2004,MATCH($K70,'سجل التحفيز'!$V$5:$V$2004,0)))
